label,family,cadence,repeated,exit,final_equity,total_return,cagr,max_drawdown_pct,max_drawdown_abs,calmar,sortino,sharpe_like,ulcer_index,cvar_95_daily,time_in_drawdown_pct,avg_invested_pct,deployed_total,n_buys,n_sells,exited_early
va48_0|hold|monthly|1shot,value_avg,monthly,False,hold,115336790.25,10.533679,0.225196,0.480456,25168415.03,0.4687,0.7461,0.7527,14.4228,0.050908,0.9281,0.7938,9288537.29,26,0,False
va96_6|hold|monthly|1shot,value_avg,monthly,False,hold,109767775.87,9.976778,0.22017,0.487071,24101836.82,0.452,0.7549,0.7556,13.0259,0.049551,0.9229,0.7224,10000000.0,31,0,False
dipA|hold|monthly|1shot,dip,monthly,False,hold,137905115.01,12.790512,0.243518,0.545976,30279984.74,0.446,0.7236,0.737,18.3806,0.059433,0.9301,0.952,10000000.0,3,0,False
dipB|hold|monthly|1shot,dip,monthly,False,hold,130354856.64,12.035486,0.237716,0.545976,28622165.83,0.4354,0.7261,0.7395,16.3582,0.056795,0.9239,0.9055,10000000.0,4,0,False
lump|hold|monthly|1shot,lump,monthly,False,hold,129280196.72,11.92802,0.236865,0.545976,28386201.51,0.4338,0.7015,0.7134,19.7651,0.061654,0.9473,1.0,10000000.0,1,0,False
dca24|hold|monthly|1shot,dca,monthly,False,hold,116233167.8,10.623317,0.225984,0.545976,25521450.36,0.4139,0.6942,0.7055,18.807,0.059339,0.938,0.928,10000000.0,24,0,False
dca96|hold|monthly|1shot,dca,monthly,False,hold,89991000.75,7.9991,0.200202,0.487071,19759427.56,0.411,0.7097,0.7145,13.6577,0.048847,0.9298,0.707,10000000.0,96,0,False
dca48|hold|monthly|1shot,dca,monthly,False,hold,111484181.09,10.148418,0.221744,0.545976,24478709.89,0.4061,0.7139,0.7229,16.2491,0.054302,0.9321,0.8496,10000000.0,48,0,False
dca48|hold|daily|1shot,dca,daily,False,hold,110215540.59,10.021554,0.220583,0.545976,24200153.03,0.404,0.713,0.722,16.1402,0.054105,0.9321,0.842,10000000.0,1008,0,False
scaled_rsi|hold|monthly|1shot,scaled,monthly,False,hold,71318622.13,6.131862,0.177242,0.470975,15088664.02,0.3763,0.7142,0.7151,11.0953,0.041315,0.9291,0.5664,9926249.67,150,0,False
trend100|hold|monthly|1shot,trend,monthly,False,hold,68367868.51,5.836787,0.173118,0.467778,14421559.59,0.3701,0.7055,0.7069,11.1636,0.040929,0.9301,0.5605,10000000.0,104,0,False
trend200|hold|daily|1shot,trend,daily,False,hold,68562412.26,5.856241,0.173395,0.469055,14483246.66,0.3697,0.7054,0.7068,11.2176,0.041025,0.9298,0.5604,10000000.0,2078,0,False
trend200|hold|monthly|1shot,trend,monthly,False,hold,67569081.45,5.756908,0.171973,0.467448,14240327.06,0.3679,0.7031,0.7045,11.1848,0.040819,0.9298,0.5563,10000000.0,104,0,False
scaled_invvol|hold|monthly|1shot,scaled,monthly,False,hold,57578292.25,4.757829,0.156501,0.4342,11772168.85,0.3604,0.6996,0.7005,9.9883,0.036777,0.9301,0.4924,7766786.89,150,0,False
scaled_invvol|hold|daily|1shot,scaled,daily,False,hold,57797915.22,4.779792,0.156867,0.435366,11828666.27,0.3603,0.6987,0.6998,10.044,0.036952,0.9288,0.4948,7822142.94,3034,0,False
dipB|tp100|monthly|1shot,dip,monthly,False,tp100,13340600.65,0.33406,0.024229,0.08195,886453.39,0.2957,0.1798,0.5468,0.8259,0.000329,0.09,0.0438,3333333.33,1,1,True
dipB|tp100|monthly|rot,dip,monthly,True,tp100,13340600.65,0.33406,0.024229,0.08195,886453.39,0.2957,0.1798,0.5468,0.8259,0.000329,0.09,0.0438,3333333.33,1,1,True
dipA|tp100|monthly|1shot,dip,monthly,False,tp100,16783056.89,0.678306,0.043945,0.15297,1796640.35,0.2873,0.2022,0.5963,1.2602,0.000534,0.0883,0.0738,6666666.67,2,1,True
dipA|tp100|monthly|rot,dip,monthly,True,tp100,16783056.89,0.678306,0.043945,0.15297,1796640.35,0.2873,0.2022,0.5963,1.2602,0.000534,0.0883,0.0738,6666666.67,2,1,True
trend200|tp50|monthly|1shot,trend,monthly,False,tp50,10505088.02,0.050509,0.004101,0.016179,163533.45,0.2535,0.1766,0.533,0.1287,4.3e-05,0.0794,0.0057,1000000.0,15,1,True
trend200|tp50|monthly|rot,trend,monthly,True,tp50,10505088.02,0.050509,0.004101,0.016179,163533.45,0.2535,0.1766,0.533,0.1287,4.3e-05,0.0794,0.0057,1000000.0,15,1,True
trend100|tp50|monthly|1shot,trend,monthly,False,tp50,10505088.02,0.050509,0.004101,0.016179,163533.45,0.2535,0.1766,0.533,0.1287,4.3e-05,0.0794,0.0057,1000000.0,15,1,True
trend100|tp50|monthly|rot,trend,monthly,True,tp50,10505088.02,0.050509,0.004101,0.016179,163533.45,0.2535,0.1766,0.533,0.1287,4.3e-05,0.0794,0.0057,1000000.0,15,1,True
dca96|tp50|monthly|1shot,dca,monthly,False,tp50,10789200.03,0.07892,0.006329,0.025128,255521.02,0.2519,0.1764,0.5325,0.1992,6.7e-05,0.0794,0.0089,1562500.0,15,1,True
dca96|tp50|monthly|rot,dca,monthly,True,tp50,10789200.03,0.07892,0.006329,0.025128,255521.02,0.2519,0.1764,0.5325,0.1992,6.7e-05,0.0794,0.0089,1562500.0,15,1,True
va48_0|glide12|monthly|1shot,value_avg,monthly,False,glide12,39265201.1,2.92652,0.120308,0.480456,25168415.03,0.2504,0.4762,0.5137,15.7849,0.048627,0.9403,0.7135,9288537.29,26,13,True
dipA|glide12|monthly|1shot,dip,monthly,False,glide12,46383795.27,3.63838,0.135919,0.545976,30279984.74,0.2489,0.4846,0.5244,19.4982,0.057644,0.9423,0.8708,10000000.0,3,12,True
dca48|tp50|monthly|1shot,dca,monthly,False,tp50,11578400.06,0.15784,0.012247,0.049437,511042.05,0.2477,0.1762,0.5313,0.3884,0.000131,0.0794,0.0174,3125000.0,15,1,True
dca48|tp50|monthly|rot,dca,monthly,True,tp50,11578400.06,0.15784,0.012247,0.049437,511042.05,0.2477,0.1762,0.5313,0.3884,0.000131,0.0794,0.0174,3125000.0,15,1,True
dca24|tp50|monthly|1shot,dca,monthly,False,tp50,13156800.12,0.31568,0.023049,0.095748,1022084.09,0.2407,0.1758,0.5295,0.7407,0.000253,0.0794,0.0334,6250000.0,15,1,True
dca24|tp50|monthly|rot,dca,monthly,True,tp50,13156800.12,0.31568,0.023049,0.095748,1022084.09,0.2407,0.1758,0.5295,0.7407,0.000253,0.0794,0.0334,6250000.0,15,1,True
dipB|glide12|monthly|1shot,dip,monthly,False,glide12,43844298.19,3.38443,0.130619,0.545976,28622165.83,0.2392,0.4787,0.5191,17.6047,0.054801,0.9361,0.8243,10000000.0,4,13,True
scaled_invvol|tp50|monthly|1shot,scaled,monthly,False,tp50,10401890.43,0.040189,0.003278,0.013773,138874.88,0.238,0.1728,0.5217,0.1062,3.5e-05,0.0801,0.0046,787587.31,15,1,True
scaled_invvol|tp50|monthly|rot,scaled,monthly,True,tp50,10401890.43,0.040189,0.003278,0.013773,138874.88,0.238,0.1728,0.5217,0.1062,3.5e-05,0.0801,0.0046,787587.31,15,1,True
lump|glide12|monthly|1shot,lump,monthly,False,glide12,43482840.92,3.348284,0.129842,0.545976,28386201.51,0.2378,0.469,0.5061,20.8085,0.060032,0.9595,0.9188,10000000.0,1,13,True
va96_6|glide12|monthly|1shot,value_avg,monthly,False,glide12,36919921.67,2.691992,0.114592,0.487071,24101836.82,0.2353,0.472,0.5063,14.5604,0.047028,0.9351,0.6411,10000000.0,31,12,True
mom252|momexit|monthly|rot,momentum,monthly,True,momexit,41816924.77,3.181692,0.126182,0.543004,18379784.39,0.2324,0.4213,0.5308,24.9172,0.050778,0.9677,0.6721,181137619.62,13,12,False
scaled_rsi|tp50|monthly|1shot,scaled,monthly,False,tp50,10452685.04,0.045269,0.003684,0.016358,165477.76,0.2252,0.1595,0.4889,0.1306,4.4e-05,0.0801,0.0057,897252.51,15,1,True
scaled_rsi|tp50|monthly|rot,scaled,monthly,True,tp50,10452685.04,0.045269,0.003684,0.016358,165477.76,0.2252,0.1595,0.4889,0.1306,4.4e-05,0.0801,0.0057,897252.51,15,1,True
va96_6|tp50|monthly|1shot,value_avg,monthly,False,tp50,10647251.34,0.064725,0.005223,0.023676,240791.18,0.2206,0.1628,0.4959,0.181,6.1e-05,0.0794,0.008,1229845.69,14,1,True
va96_6|tp50|monthly|rot,value_avg,monthly,True,tp50,10647251.34,0.064725,0.005223,0.023676,240791.18,0.2206,0.1628,0.4959,0.181,6.1e-05,0.0794,0.008,1229845.69,14,1,True
dca24|glide12|monthly|1shot,dca,monthly,False,glide12,39094528.57,2.909453,0.119903,0.545976,25521450.36,0.2196,0.4526,0.4889,19.9007,0.057493,0.9502,0.8467,10000000.0,24,13,True
va48_0|tp50|monthly|1shot,value_avg,monthly,False,tp50,11222464.21,0.122246,0.009625,0.044458,459114.91,0.2165,0.1622,0.4942,0.3383,0.000116,0.0798,0.015,2284999.69,14,1,True
va48_0|tp50|monthly|rot,value_avg,monthly,True,tp50,11222464.21,0.122246,0.009625,0.044458,459114.91,0.2165,0.1622,0.4942,0.3383,0.000116,0.0798,0.015,2284999.69,14,1,True
dca48|glide12|monthly|1shot,dca,monthly,False,glide12,37497227.22,2.749723,0.116029,0.545976,24478709.89,0.2125,0.4545,0.4911,17.5033,0.052223,0.9443,0.7683,10000000.0,48,13,True
dca96|glide12|monthly|1shot,dca,monthly,False,glide12,30268087.99,2.026809,0.096352,0.487071,19759427.56,0.1978,0.4223,0.4566,15.1283,0.046239,0.942,0.6258,10000000.0,96,13,True
va96_6|tp100|monthly|1shot,value_avg,monthly,False,tp100,14373154.51,0.437315,0.03059,0.170974,1876698.95,0.1789,0.2626,0.4638,2.962,0.01106,0.2868,0.0974,4359907.44,24,1,True
va96_6|tp100|monthly|rot,value_avg,monthly,True,tp100,14373154.51,0.437315,0.03059,0.170974,1876698.95,0.1789,0.2626,0.4638,2.962,0.01106,0.2868,0.0974,4359907.44,24,1,True
va48_0|tp100|monthly|1shot,value_avg,monthly,False,tp100,17452119.24,0.745212,0.04734,0.28143,3331510.53,0.1682,0.2517,0.4483,4.9358,0.018673,0.2858,0.1595,7441336.68,24,1,True
va48_0|tp100|monthly|rot,value_avg,monthly,True,tp100,17452119.24,0.745212,0.04734,0.28143,3331510.53,0.1682,0.2517,0.4483,4.9358,0.018673,0.2858,0.1595,7441336.68,24,1,True
dipA|maexit200|monthly|1shot,dip,monthly,False,maexit200,13962342.78,0.396234,0.028111,0.17186,2897543.88,0.1636,0.1204,0.3634,16.0641,0.012557,0.9693,0.085,6666666.67,2,1,True
dipA|maexit200|monthly|rot,dip,monthly,True,maexit200,13962342.78,0.396234,0.028111,0.17186,2897543.88,0.1636,0.1204,0.3634,16.0641,0.012557,0.9693,0.085,6666666.67,2,1,True
dipA|maexit200b|monthly|1shot,dip,monthly,False,maexit200b,13962342.78,0.396234,0.028111,0.17186,2897543.88,0.1636,0.1204,0.3634,16.0641,0.012557,0.9693,0.085,6666666.67,2,1,True
dipA|maexit200b|monthly|rot,dip,monthly,True,maexit200b,13962342.78,0.396234,0.028111,0.17186,2897543.88,0.1636,0.1204,0.3634,16.0641,0.012557,0.9693,0.085,6666666.67,2,1,True
dipB|tp50|monthly|1shot,dip,monthly,False,tp50,11737389.36,0.173739,0.013394,0.08195,886453.39,0.1634,0.0994,0.3465,0.7923,0.000259,0.0712,0.0305,3333333.33,1,1,True
dipB|tp50|monthly|rot,dip,monthly,True,tp50,11737389.36,0.173739,0.013394,0.08195,886453.39,0.1634,0.0994,0.3465,0.7923,0.000259,0.0712,0.0305,3333333.33,1,1,True
scaled_rsi|glide12|monthly|1shot,scaled,monthly,False,glide12,24284797.71,1.42848,0.076479,0.470975,15088664.02,0.1624,0.3876,0.422,12.7024,0.037848,0.9417,0.4861,9235448.12,137,13,True
dipA|tp50|monthly|1shot,dip,monthly,False,tp50,13334464.65,0.333446,0.024189,0.15297,1796640.35,0.1581,0.1195,0.4361,1.0295,0.000303,0.0554,0.0404,6666666.67,2,1,True
dipA|tp50|monthly|rot,dip,monthly,True,tp50,13334464.65,0.333446,0.024189,0.15297,1796640.35,0.1581,0.1195,0.4361,1.0295,0.000303,0.0554,0.0404,6666666.67,2,1,True
trend100|glide12|monthly|1shot,trend,monthly,False,glide12,23352476.57,1.335248,0.072984,0.467778,14421559.59,0.156,0.3768,0.4109,12.7669,0.03741,0.9426,0.4804,8866666.67,92,12,True
trend200|glide12|monthly|1shot,trend,monthly,False,glide12,23083807.96,1.308381,0.071953,0.467448,14240327.06,0.1539,0.3736,0.4075,12.7818,0.037274,0.9423,0.4763,8866666.67,92,13,True
scaled_invvol|glide12|monthly|1shot,scaled,monthly,False,glide12,21031196.2,1.10312,0.063694,0.4342,11772168.85,0.1467,0.36,0.3943,11.5069,0.033142,0.9426,0.4174,7206313.45,137,12,True
dipB|maexit200|monthly|1shot,dip,monthly,False,maexit200,11910966.94,0.191097,0.014631,0.107164,1429633.71,0.1365,0.0993,0.3071,10.0201,0.007715,0.971,0.0506,3333333.33,1,1,True
dipB|maexit200|monthly|rot,dip,monthly,True,maexit200,11910966.94,0.191097,0.014631,0.107164,1429633.71,0.1365,0.0993,0.3071,10.0201,0.007715,0.971,0.0506,3333333.33,1,1,True
dipB|maexit200b|monthly|1shot,dip,monthly,False,maexit200b,11910966.94,0.191097,0.014631,0.107164,1429633.71,0.1365,0.0993,0.3071,10.0201,0.007715,0.971,0.0506,3333333.33,1,1,True
dipB|maexit200b|monthly|rot,dip,monthly,True,maexit200b,11910966.94,0.191097,0.014631,0.107164,1429633.71,0.1365,0.0993,0.3071,10.0201,0.007715,0.971,0.0506,3333333.33,1,1,True
lump|tp50|monthly|1shot,lump,monthly,False,tp50,15087108.11,0.508711,0.034748,0.263645,2706715.1,0.1318,0.1048,0.3399,3.9373,0.000854,0.0873,0.0979,10000000.0,1,1,True
lump|tp50|monthly|rot,lump,monthly,True,tp50,15087108.11,0.508711,0.034748,0.263645,2706715.1,0.1318,0.1048,0.3399,3.9373,0.000854,0.0873,0.0979,10000000.0,1,1,True
dipB|volx45|monthly|rot,dip,monthly,True,volx45,14173148.14,0.417315,0.029392,0.238655,2843397.75,0.1232,0.2099,0.3034,10.9802,0.019911,0.9756,0.25,194889997.31,46,42,False
trend100|tp100|monthly|1shot,trend,monthly,False,tp100,15835831.86,0.583583,0.03892,0.320708,4070426.35,0.1214,0.3008,0.4096,5.8102,0.017134,0.5224,0.1835,5666666.67,63,1,True
trend100|tp100|monthly|rot,trend,monthly,True,tp100,15835831.86,0.583583,0.03892,0.320708,4070426.35,0.1214,0.3008,0.4096,5.8102,0.017134,0.5224,0.1835,5666666.67,63,1,True
dca96|tp100|monthly|1shot,dca,monthly,False,tp100,18860368.83,0.886037,0.054112,0.451875,6513847.06,0.1198,0.2983,0.4041,8.1633,0.025862,0.5208,0.2742,8854166.67,85,1,True
dca96|tp100|monthly|rot,dca,monthly,True,tp100,18860368.83,0.886037,0.054112,0.451875,6513847.06,0.1198,0.2983,0.4041,8.1633,0.025862,0.5208,0.2742,8854166.67,85,1,True
trend200|tp100|monthly|1shot,trend,monthly,False,tp100,15705363.84,0.570536,0.038206,0.319212,4023248.15,0.1197,0.2993,0.4067,5.8069,0.016936,0.5234,0.181,5666666.67,56,1,True
trend200|tp100|monthly|rot,trend,monthly,True,tp100,15705363.84,0.570536,0.038206,0.319212,4023248.15,0.1197,0.2993,0.4067,5.8069,0.016936,0.5234,0.181,5666666.67,56,1,True
scaled_rsi|tp100|monthly|1shot,scaled,monthly,False,tp100,15830061.22,0.583006,0.038888,0.32556,4202468.62,0.1194,0.2981,0.4048,5.6186,0.017335,0.5214,0.1848,5638526.85,85,1,True
scaled_rsi|tp100|monthly|rot,scaled,monthly,True,tp100,15830061.22,0.583006,0.038888,0.32556,4202468.62,0.1194,0.2981,0.4048,5.6186,0.017335,0.5214,0.1848,5638526.85,85,1,True
scaled_invvol|tp100|monthly|1shot,scaled,monthly,False,tp100,14842510.27,0.484251,0.033345,0.281128,3436475.45,0.1186,0.2989,0.407,4.9233,0.014514,0.5224,0.1534,4715272.58,85,1,True
scaled_invvol|tp100|monthly|rot,scaled,monthly,True,tp100,14842510.27,0.484251,0.033345,0.281128,3436475.45,0.1186,0.2989,0.407,4.9233,0.014514,0.5224,0.1534,4715272.58,85,1,True
lump|tp100|monthly|1shot,lump,monthly,False,tp100,20310347.66,1.031035,0.060617,0.519014,8742056.12,0.1168,0.2026,0.367,13.0483,0.039523,0.3036,0.3233,10000000.0,1,1,True
lump|tp100|monthly|rot,lump,monthly,True,tp100,20310347.66,1.031035,0.060617,0.519014,8742056.12,0.1168,0.2026,0.367,13.0483,0.039523,0.3036,0.3233,10000000.0,1,1,True
dipA|volx45|monthly|rot,dip,monthly,True,volx45,16812500.67,0.68125,0.044097,0.382005,4476576.62,0.1154,0.2393,0.3286,16.7091,0.029763,0.9756,0.4052,303895362.22,54,47,False
scaled_rsi|trail35|monthly|1shot,scaled,monthly,False,trail35,18008292.72,0.800829,0.050072,0.437893,14028808.75,0.1143,0.2894,0.3409,18.9602,0.033444,0.9417,0.4234,8518539.14,128,1,True
scaled_rsi|trail35|monthly|rot,scaled,monthly,True,trail35,18008292.72,0.800829,0.050072,0.437893,14028808.75,0.1143,0.2894,0.3409,18.9602,0.033444,0.9417,0.4234,8518539.14,128,1,True
dca24|tp100|monthly|1shot,dca,monthly,False,tp100,20571547.93,1.057155,0.061743,0.545976,10401836.12,0.1131,0.2545,0.3541,15.2464,0.046163,0.5211,0.4807,10000000.0,24,1,True
dca24|tp100|monthly|rot,dca,monthly,True,tp100,20571547.93,1.057155,0.061743,0.545976,10401836.12,0.1131,0.2545,0.3541,15.2464,0.046163,0.5211,0.4807,10000000.0,24,1,True
dca48|tp100|monthly|1shot,dca,monthly,False,tp100,20119902.56,1.01199,0.059787,0.545976,9976843.99,0.1095,0.2641,0.366,11.9495,0.037771,0.5162,0.4039,10000000.0,48,1,True
dca48|tp100|monthly|rot,dca,monthly,True,tp100,20119902.56,1.01199,0.059787,0.545976,9976843.99,0.1095,0.2641,0.366,11.9495,0.037771,0.5162,0.4039,10000000.0,48,1,True
trend100|trail35|monthly|1shot,trend,monthly,False,trail35,17366716.9,0.736672,0.046913,0.436693,13463204.89,0.1074,0.2778,0.328,18.9591,0.033059,0.9426,0.4183,8466666.67,91,1,True
trend100|trail35|monthly|rot,trend,monthly,True,trail35,17366716.9,0.736672,0.046913,0.436693,13463204.89,0.1074,0.2778,0.328,18.9591,0.033059,0.9426,0.4183,8466666.67,91,1,True
trend200|trail35|monthly|1shot,trend,monthly,False,trail35,17146598.0,0.71466,0.045805,0.437152,13317389.23,0.1048,0.2737,0.3234,18.9888,0.032886,0.9423,0.414,8533333.33,89,1,True
trend200|trail35|monthly|rot,trend,monthly,True,trail35,17146598.0,0.71466,0.045805,0.437152,13317389.23,0.1048,0.2737,0.3234,18.9888,0.032886,0.9423,0.414,8533333.33,89,1,True
scaled_invvol|trail35|monthly|1shot,scaled,monthly,False,trail35,16122093.97,0.612209,0.040467,0.405359,10990217.31,0.0998,0.263,0.312,17.3808,0.029047,0.9426,0.3609,6812427.86,128,1,True
scaled_invvol|trail35|monthly|rot,scaled,monthly,True,trail35,16122093.97,0.612209,0.040467,0.405359,10990217.31,0.0998,0.263,0.312,17.3808,0.029047,0.9426,0.3609,6812427.86,128,1,True
va48_0|maexit200|monthly|1shot,value_avg,monthly,False,maexit200,10922494.62,0.092249,0.007356,0.077319,915280.55,0.0951,0.0869,0.266,7.2143,0.004037,0.9773,0.0272,2459982.15,16,1,True
va48_0|maexit200|monthly|rot,value_avg,monthly,True,maexit200,10922494.62,0.092249,0.007356,0.077319,915280.55,0.0951,0.0869,0.266,7.2143,0.004037,0.9773,0.0272,2459982.15,16,1,True
va48_0|maexit200b|monthly|1shot,value_avg,monthly,False,maexit200b,10922494.62,0.092249,0.007356,0.077319,915280.55,0.0951,0.0869,0.266,7.2143,0.004037,0.9773,0.0272,2459982.15,16,1,True
va48_0|maexit200b|monthly|rot,value_avg,monthly,True,maexit200b,10922494.62,0.092249,0.007356,0.077319,915280.55,0.0951,0.0869,0.266,7.2143,0.004037,0.9773,0.0272,2459982.15,16,1,True
va48_0|volx45|monthly|rot,value_avg,monthly,True,volx45,10864396.94,0.08644,0.00691,0.075423,817903.34,0.0916,0.1821,0.2383,3.6914,0.005161,0.9848,0.0628,28643909.49,143,60,False
lump|maexit200|monthly|1shot,lump,monthly,False,maexit200,13235504.9,0.32355,0.023556,0.263645,3608093.16,0.0893,0.0812,0.238,20.3512,0.021343,0.9842,0.1325,10000000.0,1,1,True
lump|maexit200|monthly|rot,lump,monthly,True,maexit200,13235504.9,0.32355,0.023556,0.263645,3608093.16,0.0893,0.0812,0.238,20.3512,0.021343,0.9842,0.1325,10000000.0,1,1,True
lump|maexit200b|monthly|1shot,lump,monthly,False,maexit200b,13235504.9,0.32355,0.023556,0.263645,3608093.16,0.0893,0.0812,0.238,20.3512,0.021343,0.9842,0.1325,10000000.0,1,1,True
lump|maexit200b|monthly|rot,lump,monthly,True,maexit200b,13235504.9,0.32355,0.023556,0.263645,3608093.16,0.0893,0.0812,0.238,20.3512,0.021343,0.9842,0.1325,10000000.0,1,1,True
va96_6|volx45|monthly|rot,value_avg,monthly,True,volx45,10432079.87,0.043208,0.00352,0.041283,431181.75,0.0853,0.1681,0.2208,2.0446,0.002766,0.9855,0.0331,14767374.43,145,60,False
va96_6|maexit200|monthly|1shot,value_avg,monthly,False,maexit200,10475377.66,0.047538,0.003865,0.045658,501170.97,0.0846,0.0789,0.2444,4.2593,0.002237,0.9769,0.015,1388344.93,16,1,True
va96_6|maexit200|monthly|rot,value_avg,monthly,True,maexit200,10475377.66,0.047538,0.003865,0.045658,501170.97,0.0846,0.0789,0.2444,4.2593,0.002237,0.9769,0.015,1388344.93,16,1,True
va96_6|maexit200b|monthly|1shot,value_avg,monthly,False,maexit200b,10475377.66,0.047538,0.003865,0.045658,501170.97,0.0846,0.0789,0.2444,4.2593,0.002237,0.9769,0.015,1388344.93,16,1,True
va96_6|maexit200b|monthly|rot,value_avg,monthly,True,maexit200b,10475377.66,0.047538,0.003865,0.045658,501170.97,0.0846,0.0789,0.2444,4.2593,0.002237,0.9769,0.015,1388344.93,16,1,True
dca24|trail15|monthly|1shot,dca,monthly,False,trail15,11886150.85,0.188615,0.014455,0.187863,2749489.41,0.0769,0.078,0.2422,17.5245,0.009315,0.9766,0.0621,8333333.33,20,1,True
dca24|trail15|monthly|rot,dca,monthly,True,trail15,11886150.85,0.188615,0.014455,0.187863,2749489.41,0.0769,0.078,0.2422,17.5245,0.009315,0.9766,0.0621,8333333.33,20,1,True
dca24|maexit200|monthly|1shot,dca,monthly,False,maexit200,11886150.85,0.188615,0.014455,0.187863,2749489.41,0.0769,0.078,0.2422,17.5245,0.009315,0.9766,0.0621,8333333.33,20,1,True
dca24|maexit200|monthly|rot,dca,monthly,True,maexit200,11886150.85,0.188615,0.014455,0.187863,2749489.41,0.0769,0.078,0.2422,17.5245,0.009315,0.9766,0.0621,8333333.33,20,1,True
dca24|maexit200b|monthly|1shot,dca,monthly,False,maexit200b,11886150.85,0.188615,0.014455,0.187863,2749489.41,0.0769,0.078,0.2422,17.5245,0.009315,0.9766,0.0621,8333333.33,20,1,True
dca24|maexit200b|monthly|rot,dca,monthly,True,maexit200b,11886150.85,0.188615,0.014455,0.187863,2749489.41,0.0769,0.078,0.2422,17.5245,0.009315,0.9766,0.0621,8333333.33,20,1,True
scaled_rsi|volx45|monthly|rot,scaled,monthly,True,volx45,10253999.16,0.0254,0.002086,0.027796,285264.98,0.075,0.1471,0.1945,1.3326,0.001863,0.9855,0.0213,9926249.67,150,60,False
dipB|trail15|monthly|1shot,dip,monthly,False,trail15,11334471.62,0.133447,0.010459,0.150378,2006129.03,0.0695,0.0692,0.2151,14.0238,0.008455,0.971,0.0521,6666666.67,2,1,True
dipB|trail15|monthly|rot,dip,monthly,True,trail15,11334471.62,0.133447,0.010459,0.150378,2006129.03,0.0695,0.0692,0.2151,14.0238,0.008455,0.971,0.0521,6666666.67,2,1,True
dipA|trail25|monthly|1shot,dip,monthly,False,trail25,12402940.91,0.240294,0.018047,0.264352,4456945.75,0.0683,0.0776,0.2371,24.6348,0.014062,0.9693,0.0882,10000000.0,3,1,True
dipA|trail25|monthly|rot,dip,monthly,True,trail25,12402940.91,0.240294,0.018047,0.264352,4456945.75,0.0683,0.0776,0.2371,24.6348,0.014062,0.9693,0.0882,10000000.0,3,1,True
dca48|maexit200|daily|rot,dca,daily,True,maexit200,10919413.79,0.091941,0.007332,0.107748,1318629.39,0.0681,0.0694,0.2188,10.0481,0.004765,0.9766,0.0319,3998015.87,403,1,True
dca48|maexit200|monthly|1shot,dca,monthly,False,maexit200,10943075.42,0.094308,0.007513,0.111606,1374744.7,0.0673,0.0681,0.2143,10.4088,0.005109,0.9766,0.0341,4166666.67,20,1,True
dca48|maexit200|monthly|rot,dca,monthly,True,maexit200,10943075.42,0.094308,0.007513,0.111606,1374744.7,0.0673,0.0681,0.2143,10.4088,0.005109,0.9766,0.0341,4166666.67,20,1,True
dca48|maexit200b|monthly|1shot,dca,monthly,False,maexit200b,10943075.42,0.094308,0.007513,0.111606,1374744.7,0.0673,0.0681,0.2143,10.4088,0.005109,0.9766,0.0341,4166666.67,20,1,True
dca48|maexit200b|monthly|rot,dca,monthly,True,maexit200b,10943075.42,0.094308,0.007513,0.111606,1374744.7,0.0673,0.0681,0.2143,10.4088,0.005109,0.9766,0.0341,4166666.67,20,1,True
dca24|volx45|monthly|rot,dca,monthly,True,volx45,11583059.44,0.158306,0.012281,0.182656,2182447.11,0.0672,0.161,0.2119,9.0897,0.011424,0.9868,0.1345,62500000.0,150,60,False
scaled_rsi|maexit200|monthly|1shot,scaled,monthly,False,maexit200,10308111.49,0.030811,0.002524,0.038056,407804.28,0.0663,0.0649,0.2052,3.5491,0.001716,0.9776,0.0114,1208728.36,20,1,True
scaled_rsi|maexit200|monthly|rot,scaled,monthly,True,maexit200,10308111.49,0.030811,0.002524,0.038056,407804.28,0.0663,0.0649,0.2052,3.5491,0.001716,0.9776,0.0114,1208728.36,20,1,True
scaled_rsi|maexit200b|monthly|1shot,scaled,monthly,False,maexit200b,10308111.49,0.030811,0.002524,0.038056,407804.28,0.0663,0.0649,0.2052,3.5491,0.001716,0.9776,0.0114,1208728.36,20,1,True
scaled_rsi|maexit200b|monthly|rot,scaled,monthly,True,maexit200b,10308111.49,0.030811,0.002524,0.038056,407804.28,0.0663,0.0649,0.2052,3.5491,0.001716,0.9776,0.0114,1208728.36,20,1,True
dca48|volx45|monthly|rot,dca,monthly,True,volx45,10791529.72,0.079153,0.006347,0.099435,1091223.55,0.0638,0.1469,0.1938,4.9318,0.005999,0.9868,0.0697,31250000.0,150,60,False
dca96|maexit200|monthly|1shot,dca,monthly,False,maexit200,10471537.71,0.047154,0.003834,0.061599,687372.35,0.0622,0.0624,0.1979,5.7443,0.002694,0.9766,0.0179,2083333.33,20,1,True
dca96|maexit200|monthly|rot,dca,monthly,True,maexit200,10471537.71,0.047154,0.003834,0.061599,687372.35,0.0622,0.0624,0.1979,5.7443,0.002694,0.9766,0.0179,2083333.33,20,1,True
dca96|maexit200b|monthly|1shot,dca,monthly,False,maexit200b,10471537.71,0.047154,0.003834,0.061599,687372.35,0.0622,0.0624,0.1979,5.7443,0.002694,0.9766,0.0179,2083333.33,20,1,True
dca96|maexit200b|monthly|rot,dca,monthly,True,maexit200b,10471537.71,0.047154,0.003834,0.061599,687372.35,0.0622,0.0624,0.1979,5.7443,0.002694,0.9766,0.0179,2083333.33,20,1,True
dca96|volx45|monthly|rot,dca,monthly,True,volx45,10395764.86,0.039576,0.003229,0.052027,545611.78,0.0621,0.1394,0.1841,2.5765,0.00308,0.9868,0.0355,15625000.0,150,60,False
trend200|maexit200|daily|rot,trend,daily,True,maexit200,10305461.14,0.030546,0.002502,0.040777,438094.41,0.0614,0.0619,0.1969,3.8023,0.001702,0.9766,0.0114,1324983.52,402,1,True
trend200|maexit200|monthly|1shot,trend,monthly,False,maexit200,10301784.14,0.030178,0.002473,0.040954,439918.31,0.0604,0.0602,0.1916,3.819,0.00176,0.9766,0.0117,1333333.33,20,1,True
trend200|maexit200|monthly|rot,trend,monthly,True,maexit200,10301784.14,0.030178,0.002473,0.040954,439918.31,0.0604,0.0602,0.1916,3.819,0.00176,0.9766,0.0117,1333333.33,20,1,True
trend200|maexit200b|monthly|1shot,trend,monthly,False,maexit200b,10301784.14,0.030178,0.002473,0.040954,439918.31,0.0604,0.0602,0.1916,3.819,0.00176,0.9766,0.0117,1333333.33,20,1,True
trend200|maexit200b|monthly|rot,trend,monthly,True,maexit200b,10301784.14,0.030178,0.002473,0.040954,439918.31,0.0604,0.0602,0.1916,3.819,0.00176,0.9766,0.0117,1333333.33,20,1,True
trend100|maexit200|monthly|1shot,trend,monthly,False,maexit200,10301784.14,0.030178,0.002473,0.040954,439918.31,0.0604,0.0602,0.1916,3.819,0.00176,0.9766,0.0117,1333333.33,20,1,True
trend100|maexit200|monthly|rot,trend,monthly,True,maexit200,10301784.14,0.030178,0.002473,0.040954,439918.31,0.0604,0.0602,0.1916,3.819,0.00176,0.9766,0.0117,1333333.33,20,1,True
trend100|maexit200b|monthly|1shot,trend,monthly,False,maexit200b,10301784.14,0.030178,0.002473,0.040954,439918.31,0.0604,0.0602,0.1916,3.819,0.00176,0.9766,0.0117,1333333.33,20,1,True
trend100|maexit200b|monthly|rot,trend,monthly,True,maexit200b,10301784.14,0.030178,0.002473,0.040954,439918.31,0.0604,0.0602,0.1916,3.819,0.00176,0.9766,0.0117,1333333.33,20,1,True
scaled_invvol|maexit200|monthly|1shot,scaled,monthly,False,maexit200,10241541.17,0.024154,0.001984,0.033017,349694.14,0.0601,0.0595,0.1888,3.079,0.001427,0.9773,0.0095,1056117.06,20,1,True
scaled_invvol|maexit200|monthly|rot,scaled,monthly,True,maexit200,10241541.17,0.024154,0.001984,0.033017,349694.14,0.0601,0.0595,0.1888,3.079,0.001427,0.9773,0.0095,1056117.06,20,1,True
scaled_invvol|maexit200b|monthly|1shot,scaled,monthly,False,maexit200b,10241541.17,0.024154,0.001984,0.033017,349694.14,0.0601,0.0595,0.1888,3.079,0.001427,0.9773,0.0095,1056117.06,20,1,True
scaled_invvol|maexit200b|monthly|rot,scaled,monthly,True,maexit200b,10241541.17,0.024154,0.001984,0.033017,349694.14,0.0601,0.0595,0.1888,3.079,0.001427,0.9773,0.0095,1056117.06,20,1,True
trend200|volx45|monthly|rot,trend,monthly,True,volx45,10280748.66,0.028075,0.002302,0.039531,403599.5,0.0582,0.1253,0.1778,1.7909,0.002213,0.9895,0.0241,9600000.0,104,38,False
scaled_invvol|volx45|monthly|rot,scaled,monthly,True,volx45,10246737.45,0.024674,0.002027,0.035749,370149.69,0.0567,0.1414,0.1868,1.8267,0.001816,0.9885,0.0204,7766786.89,150,60,False
scaled_invvol|maexit200|daily|rot,scaled,daily,True,maexit200,10225984.61,0.022598,0.001858,0.033506,354510.25,0.0554,0.0564,0.1801,3.1242,0.001365,0.9759,0.009,1093723.54,403,1,True
scaled_rsi|trail15|monthly|1shot,scaled,monthly,False,trail15,10821685.18,0.082169,0.00658,0.153471,1961910.06,0.0429,0.0794,0.1378,12.2599,0.010571,0.9634,0.0953,3854523.38,60,1,True
scaled_rsi|trail15|monthly|rot,scaled,monthly,True,trail15,10821685.18,0.082169,0.00658,0.153471,1961910.06,0.0429,0.0794,0.1378,12.2599,0.010571,0.9634,0.0953,3854523.38,60,1,True
trend100|trail15|monthly|1shot,trend,monthly,False,trail15,10701280.05,0.070128,0.005645,0.154179,1950667.98,0.0366,0.0707,0.123,12.3659,0.010497,0.9637,0.0945,3866666.67,45,1,True
trend100|trail15|monthly|rot,trend,monthly,True,trail15,10701280.05,0.070128,0.005645,0.154179,1950667.98,0.0366,0.0707,0.123,12.3659,0.010497,0.9637,0.0945,3866666.67,45,1,True
trend200|trail15|monthly|1shot,trend,monthly,False,trail15,10626241.36,0.062624,0.005058,0.155326,1954045.39,0.0326,0.0656,0.1143,12.4482,0.010317,0.9634,0.0924,4000000.0,44,1,True
trend200|trail15|monthly|rot,trend,monthly,True,trail15,10626241.36,0.062624,0.005058,0.155326,1954045.39,0.0326,0.0656,0.1143,12.4482,0.010317,0.9634,0.0924,4000000.0,44,1,True
va48_0|trail35|monthly|1shot,value_avg,monthly,False,trail35,11354555.09,0.135456,0.010607,0.366397,6566065.92,0.0289,0.0959,0.1479,27.2828,0.029546,0.9604,0.3055,7579163.81,25,1,True
va48_0|trail35|monthly|rot,value_avg,monthly,True,trail35,11354555.09,0.135456,0.010607,0.366397,6566065.92,0.0289,0.0959,0.1479,27.2828,0.029546,0.9604,0.3055,7579163.81,25,1,True
va96_6|trail25|monthly|1shot,value_avg,monthly,False,trail25,10900980.28,0.090098,0.007191,0.255318,3737457.78,0.0282,0.0715,0.1235,20.1437,0.016238,0.9598,0.1434,5445325.94,27,1,True
va96_6|trail25|monthly|rot,value_avg,monthly,True,trail25,10900980.28,0.090098,0.007191,0.255318,3737457.78,0.0282,0.0715,0.1235,20.1437,0.016238,0.9598,0.1434,5445325.94,27,1,True
dca48|trail35|monthly|1shot,dca,monthly,False,trail35,11268128.65,0.126813,0.009966,0.383359,7005267.13,0.026,0.0833,0.1431,30.6842,0.028187,0.9631,0.2523,10000000.0,48,1,True
dca48|trail35|monthly|rot,dca,monthly,True,trail35,11268128.65,0.126813,0.009966,0.383359,7005267.13,0.026,0.0833,0.1431,30.6842,0.028187,0.9631,0.2523,10000000.0,48,1,True
lump|volx45|monthly|rot,lump,monthly,True,volx45,11784713.23,0.178471,0.013733,0.558734,6148581.03,0.0246,0.1473,0.1904,35.5702,0.046261,0.9934,0.6829,456610616.29,60,60,False
trend100|volx45|monthly|rot,trend,monthly,True,volx45,10100243.96,0.010024,0.000829,0.039035,399348.84,0.0212,0.049,0.0686,2.0334,0.002286,0.9918,0.026,9533333.33,104,35,False
lump|trail35|monthly|1shot,lump,monthly,False,trail35,10877709.99,0.087771,0.007012,0.354193,5965888.07,0.0198,0.0437,0.1229,33.1625,0.024764,0.9842,0.1401,10000000.0,1,1,True
lump|trail35|monthly|rot,lump,monthly,True,trail35,10877709.99,0.087771,0.007012,0.354193,5965888.07,0.0198,0.0437,0.1229,33.1625,0.024764,0.9842,0.1401,10000000.0,1,1,True
dipA|trail35|monthly|1shot,dip,monthly,False,trail35,10817770.94,0.081777,0.00655,0.358372,6042115.72,0.0183,0.043,0.1151,32.9441,0.020633,0.9693,0.1165,10000000.0,3,1,True
dipA|trail35|monthly|rot,dip,monthly,True,trail35,10817770.94,0.081777,0.00655,0.358372,6042115.72,0.0183,0.043,0.1151,32.9441,0.020633,0.9693,0.1165,10000000.0,3,1,True
dca24|trail25|monthly|1shot,dca,monthly,False,trail25,10610878.91,0.061088,0.004937,0.274997,4024761.34,0.018,0.0327,0.1021,25.6092,0.010888,0.9766,0.0653,8750000.0,21,1,True
dca24|trail25|monthly|rot,dca,monthly,True,trail25,10610878.91,0.061088,0.004937,0.274997,4024761.34,0.018,0.0327,0.1021,25.6092,0.010888,0.9766,0.0653,8750000.0,21,1,True
dca48|trail15|monthly|1shot,dca,monthly,False,trail15,10305439.46,0.030544,0.002502,0.163371,2012380.67,0.0153,0.025,0.079,15.2126,0.005962,0.9766,0.0358,4375000.0,21,1,True
dca48|trail15|monthly|rot,dca,monthly,True,trail15,10305439.46,0.030544,0.002502,0.163371,2012380.67,0.0153,0.025,0.079,15.2126,0.005962,0.9766,0.0358,4375000.0,21,1,True
dca96|trail25|monthly|1shot,dca,monthly,False,trail25,10281554.63,0.028155,0.002309,0.280936,4016966.73,0.0082,0.041,0.072,22.2239,0.016427,0.9624,0.1445,6250000.0,60,1,True
dca96|trail25|monthly|rot,dca,monthly,True,trail25,10281554.63,0.028155,0.002309,0.280936,4016966.73,0.0082,0.041,0.072,22.2239,0.016427,0.9624,0.1445,6250000.0,60,1,True
va96_6|trail35|monthly|1shot,value_avg,monthly,False,trail35,10155072.26,0.015507,0.001279,0.356467,5625126.37,0.0036,0.0469,0.0739,25.8493,0.0219,0.9568,0.2217,7886185.91,30,1,True
va96_6|trail35|monthly|rot,value_avg,monthly,True,trail35,10155072.26,0.015507,0.001279,0.356467,5625126.37,0.0036,0.0469,0.0739,25.8493,0.0219,0.9568,0.2217,7886185.91,30,1,True
scaled_invvol|trail15|monthly|1shot,scaled,monthly,False,trail15,10060536.5,0.006054,0.000501,0.172453,2096519.6,0.0029,0.0201,0.0356,13.5942,0.008893,0.9641,0.0774,3339485.25,60,1,True
scaled_invvol|trail15|monthly|rot,scaled,monthly,True,trail15,10060536.5,0.006054,0.000501,0.172453,2096519.6,0.0029,0.0201,0.0356,13.5942,0.008893,0.9641,0.0774,3339485.25,60,1,True
dipA|trail15|monthly|1shot,dip,monthly,False,trail15,9948446.7,-0.005155,-0.000429,0.15297,1796640.35,-0.0028,0.0029,0.0131,14.8231,0.000259,0.9838,0.0326,6666666.67,2,1,True
dipA|trail15|monthly|rot,dip,monthly,True,trail15,9948446.7,-0.005155,-0.000429,0.15297,1796640.35,-0.0028,0.0029,0.0131,14.8231,0.000259,0.9838,0.0326,6666666.67,2,1,True
dipB|trail25|monthly|1shot,dip,monthly,False,trail25,9700592.97,-0.029941,-0.002522,0.272852,3640007.69,-0.0092,0.005,0.0135,25.0367,0.01367,0.971,0.0733,6666666.67,2,1,True
dipB|trail25|monthly|rot,dip,monthly,True,trail25,9700592.97,-0.029941,-0.002522,0.272852,3640007.69,-0.0092,0.005,0.0135,25.0367,0.01367,0.971,0.0733,6666666.67,2,1,True
va48_0|trail15|monthly|1shot,value_avg,monthly,False,trail15,9781971.94,-0.021803,-0.001829,0.173665,2055803.22,-0.0105,-0.0039,-0.0106,15.9441,0.007733,0.9773,0.0414,4325494.73,19,1,True
va48_0|trail15|monthly|rot,value_avg,monthly,True,trail15,9781971.94,-0.021803,-0.001829,0.173665,2055803.22,-0.0105,-0.0039,-0.0106,15.9441,0.007733,0.9773,0.0414,4325494.73,19,1,True
dca24|trail35|monthly|1shot,dca,monthly,False,trail35,9117745.82,-0.088225,-0.007642,0.377018,5517894.44,-0.0203,-0.0029,-0.0077,34.6584,0.017434,0.9766,0.0924,10000000.0,24,1,True
dca24|trail35|monthly|rot,dca,monthly,True,trail35,9117745.82,-0.088225,-0.007642,0.377018,5517894.44,-0.0203,-0.0029,-0.0077,34.6584,0.017434,0.9766,0.0924,10000000.0,24,1,True
scaled_rsi|trail25|monthly|1shot,scaled,monthly,False,trail25,9112433.69,-0.088757,-0.00769,0.29407,3795980.77,-0.0262,-0.0303,-0.049,21.3184,0.014792,0.9624,0.145,4999543.51,75,1,True
scaled_rsi|trail25|monthly|rot,scaled,monthly,True,trail25,9112433.69,-0.088757,-0.00769,0.29407,3795980.77,-0.0262,-0.0303,-0.049,21.3184,0.014792,0.9624,0.145,4999543.51,75,1,True
trend200|trail25|daily|rot,trend,daily,True,trail25,9024313.4,-0.097569,-0.008491,0.29136,3710382.31,-0.0291,-0.0372,-0.0603,21.176,0.014658,0.9628,0.1427,4950560.32,1021,1,True
trend100|trail25|monthly|1shot,trend,monthly,False,trail25,9011523.72,-0.098848,-0.008608,0.289983,3680459.09,-0.0297,-0.0378,-0.0613,21.0827,0.014691,0.9631,0.1439,4933333.33,55,1,True
trend100|trail25|monthly|rot,trend,monthly,True,trail25,9011523.72,-0.098848,-0.008608,0.289983,3680459.09,-0.0297,-0.0378,-0.0613,21.0827,0.014691,0.9631,0.1439,4933333.33,55,1,True
scaled_invvol|trail25|monthly|1shot,scaled,monthly,False,trail25,9117450.15,-0.088255,-0.007645,0.254127,3106421.8,-0.0301,-0.0454,-0.0737,18.4335,0.012372,0.9631,0.1195,4221328.82,75,1,True
scaled_invvol|trail25|monthly|rot,scaled,monthly,True,trail25,9117450.15,-0.088255,-0.007645,0.254127,3106421.8,-0.0301,-0.0454,-0.0737,18.4335,0.012372,0.9631,0.1195,4221328.82,75,1,True
dca48|trail25|daily|rot,dca,daily,True,trail25,9113682.65,-0.088632,-0.007679,0.255299,3124360.53,-0.0301,-0.0304,-0.0813,23.4034,0.01018,0.9766,0.0501,5109126.98,515,1,True
scaled_invvol|trail25|daily|rot,scaled,daily,True,trail25,9093299.68,-0.09067,-0.007863,0.256009,3129022.25,-0.0307,-0.0464,-0.0754,18.574,0.012504,0.9618,0.1202,4267490.67,1514,1,True
trend200|trail25|monthly|1shot,trend,monthly,False,trail25,8965875.36,-0.103412,-0.009026,0.28863,3637793.44,-0.0313,-0.0421,-0.0682,20.9888,0.014523,0.9628,0.141,4933333.33,51,1,True
trend200|trail25|monthly|rot,trend,monthly,True,trail25,8965875.36,-0.103412,-0.009026,0.28863,3637793.44,-0.0313,-0.0421,-0.0682,20.9888,0.014523,0.9628,0.141,4933333.33,51,1,True
dca48|trail25|monthly|1shot,dca,monthly,False,trail25,9026921.11,-0.097308,-0.008467,0.267166,3290899.02,-0.0317,-0.0319,-0.0854,24.4884,0.010761,0.9766,0.0531,5416666.67,26,1,True
dca48|trail25|monthly|rot,dca,monthly,True,trail25,9026921.11,-0.097308,-0.008467,0.267166,3290899.02,-0.0317,-0.0319,-0.0854,24.4884,0.010761,0.9766,0.0531,5416666.67,26,1,True
dca96|trail35|monthly|1shot,dca,monthly,False,trail35,8528116.61,-0.147188,-0.013137,0.408393,5887047.96,-0.0322,-0.0249,-0.0403,29.6968,0.022178,0.9614,0.2171,7812500.0,75,1,True
dca96|trail35|monthly|rot,dca,monthly,True,trail35,8528116.61,-0.147188,-0.013137,0.408393,5887047.96,-0.0322,-0.0249,-0.0403,29.6968,0.022178,0.9614,0.2171,7812500.0,75,1,True
dca96|trail15|monthly|1shot,dca,monthly,False,trail15,9298505.34,-0.070149,-0.006023,0.166719,1860404.72,-0.0361,-0.0534,-0.145,15.2617,0.005749,0.9766,0.0279,2708333.33,26,1,True
dca96|trail15|monthly|rot,dca,monthly,True,trail15,9298505.34,-0.070149,-0.006023,0.166719,1860404.72,-0.0361,-0.0534,-0.145,15.2617,0.005749,0.9766,0.0279,2708333.33,26,1,True
va96_6|trail15|monthly|1shot,value_avg,monthly,False,trail15,9309789.07,-0.069021,-0.005923,0.151847,1666759.57,-0.039,-0.0586,-0.159,13.8812,0.005185,0.9769,0.0247,2827306.33,20,1,True
va96_6|trail15|monthly|rot,value_avg,monthly,True,trail15,9309789.07,-0.069021,-0.005923,0.151847,1666759.57,-0.039,-0.0586,-0.159,13.8812,0.005185,0.9769,0.0247,2827306.33,20,1,True
va48_0|trail25|monthly|1shot,value_avg,monthly,False,trail25,8862603.96,-0.11374,-0.009979,0.251329,2975171.21,-0.0397,-0.0516,-0.1393,22.9782,0.009124,0.9773,0.0439,4904646.81,20,1,True
va48_0|trail25|monthly|rot,value_avg,monthly,True,trail25,8862603.96,-0.11374,-0.009979,0.251329,2975171.21,-0.0397,-0.0516,-0.1393,22.9782,0.009124,0.9773,0.0439,4904646.81,20,1,True
dipB|trail35|monthly|1shot,dip,monthly,False,trail35,8168887.16,-0.183111,-0.016659,0.387667,5171713.5,-0.043,-0.0215,-0.054,35.0493,0.021319,0.971,0.1049,10000000.0,3,1,True
dipB|trail35|monthly|rot,dip,monthly,True,trail35,8168887.16,-0.183111,-0.016659,0.387667,5171713.5,-0.043,-0.0215,-0.054,35.0493,0.021319,0.971,0.1049,10000000.0,3,1,True
lump|trail15|monthly|1shot,lump,monthly,False,trail15,8412628.44,-0.158737,-0.014254,0.180577,1853900.48,-0.0789,-0.0265,-0.325,18.012,0.00011,0.9993,0.0063,10000000.0,1,1,True
lump|trail15|monthly|rot,lump,monthly,True,trail15,8412628.44,-0.158737,-0.014254,0.180577,1853900.48,-0.0789,-0.0265,-0.325,18.012,0.00011,0.9993,0.0063,10000000.0,1,1,True
lump|trail25|monthly|1shot,lump,monthly,False,trail25,7613630.73,-0.238637,-0.022391,0.258403,2652898.19,-0.0867,-0.0382,-0.2713,25.6651,0.000312,0.9993,0.0218,10000000.0,1,1,True
lump|trail25|monthly|rot,lump,monthly,True,trail25,7613630.73,-0.238637,-0.022391,0.258403,2652898.19,-0.0867,-0.0382,-0.2713,25.6651,0.000312,0.9993,0.0218,10000000.0,1,1,True
