date,target_open,target_close,benchmark_close,buy_amount,buy_shares,sell_value,realized_pnl_before_tax,realized_pnl_after_tax,tax,interest,gross_exposure,cash,equity,unrealized_pnl,margin_ratio,selected_params_id,events
2019-01-01,15009.408900288045,15009.408900288045,20006.271616862578,0.0,0,0.0,0.0,0.0,0.0,0.0,0.0,100000000.0,100000000.0,0.0,inf,-1,
2019-01-02,15004.756506664648,15117.449403868606,20078.146929016202,0.0,0,0.0,0.0,0.0,0.0,0.0,0.0,100000000.0,100000000.0,0.0,inf,-1,
2019-01-03,15135.68741473624,15035.568589989623,20023.69835302801,0.0,0,0.0,0.0,0.0,0.0,0.0,0.0,100000000.0,100000000.0,0.0,inf,-1,
2019-01-04,15034.146480588654,14752.692566840817,19834.443151138756,0.0,0,0.0,0.0,0.0,0.0,0.0,0.0,100000000.0,100000000.0,0.0,inf,-1,
2019-01-07,14720.655140043735,14614.62669665275,19741.412780685347,0.0,0,0.0,0.0,0.0,0.0,0.0,0.0,100000000.0,100000000.0,0.0,inf,-1,
2019-01-08,14611.643288879917,14307.825588691527,19533.10051421537,0.0,0,0.0,0.0,0.0,0.0,0.0,0.0,100000000.0,100000000.0,0.0,inf,-1,
2019-01-09,14309.312319699264,14335.368291935385,19551.892179145823,0.0,0,0.0,0.0,0.0,0.0,0.0,0.0,100000000.0,100000000.0,0.0,inf,-1,
2019-01-10,14362.848130811513,14773.197012073962,19848.222094736153,0.0,0,0.0,0.0,0.0,0.0,0.0,0.0,100000000.0,100000000.0,0.0,inf,-1,
2019-01-11,14746.420030891362,14622.858905816272,19746.97202497387,0.0,0,0.0,0.0,0.0,0.0,0.0,0.0,100000000.0,100000000.0,0.0,inf,-1,
2019-01-14,14621.708676026043,14433.263889851984,19618.53809698163,0.0,0,0.0,0.0,0.0,0.0,0.0,0.0,100000000.0,100000000.0,0.0,inf,-1,
2019-01-15,14383.559229652516,14598.401845797065,19730.451487178943,0.0,0,0.0,0.0,0.0,0.0,0.0,0.0,100000000.0,100000000.0,0.0,inf,-1,
2019-01-16,14617.423360786344,14722.303285881295,19814.003994401734,0.0,0,0.0,0.0,0.0,0.0,0.0,0.0,100000000.0,100000000.0,0.0,inf,-1,
2019-01-17,14690.459445178942,14765.342146927336,19842.94477267413,0.0,0,0.0,0.0,0.0,0.0,0.0,0.0,100000000.0,100000000.0,0.0,inf,-1,
2019-01-18,14711.999114189019,14474.846092789954,19646.778255167745,0.0,0,0.0,0.0,0.0,0.0,0.0,0.0,100000000.0,100000000.0,0.0,inf,-1,
2019-01-21,14473.131783665496,14474.21587034773,19646.350548535458,0.0,0,0.0,0.0,0.0,0.0,0.0,0.0,100000000.0,100000000.0,0.0,inf,-1,
2019-01-22,14506.223715900294,14706.14628410276,19803.12856367415,0.0,0,0.0,0.0,0.0,0.0,0.0,0.0,100000000.0,100000000.0,0.0,inf,-1,
2019-01-23,14661.308804457245,14286.182350395178,19518.32120540096,0.0,0,0.0,0.0,0.0,0.0,0.0,0.0,100000000.0,100000000.0,0.0,inf,-1,
2019-01-24,14255.094600842021,14151.565502389865,19426.144240783597,0.0,0,0.0,0.0,0.0,0.0,0.0,0.0,100000000.0,100000000.0,0.0,inf,-1,
2019-01-25,14130.52849577582,13580.003147499998,19029.80339537607,0.0,0,0.0,0.0,0.0,0.0,0.0,0.0,100000000.0,100000000.0,0.0,inf,-1,
2019-01-28,13549.326011475168,13208.076831319218,18767.402115596942,0.0,0,0.0,0.0,0.0,0.0,0.0,0.0,100000000.0,100000000.0,0.0,inf,-1,
2019-01-29,13218.099856721354,12691.219200470328,18396.535326320063,0.0,0,0.0,0.0,0.0,0.0,0.0,0.0,100000000.0,100000000.0,0.0,inf,-1,
2019-01-30,12670.72624602956,12633.327326116418,18354.528833408876,0.0,0,0.0,0.0,0.0,0.0,0.0,0.0,100000000.0,100000000.0,0.0,inf,-1,
2019-01-31,12615.097062443781,12293.301558830351,18105.838144149602,0.0,0,0.0,0.0,0.0,0.0,0.0,0.0,100000000.0,100000000.0,0.0,inf,-1,
2019-02-01,12307.643057164143,12374.307424815926,18165.393784017586,0.0,0,0.0,0.0,0.0,0.0,0.0,0.0,100000000.0,100000000.0,0.0,inf,-1,
2019-02-04,12355.60948420082,12424.506652061917,18202.202542228722,0.0,0,0.0,0.0,0.0,0.0,0.0,0.0,100000000.0,100000000.0,0.0,inf,-1,
2019-02-05,12435.260810469428,12380.942365371959,18170.263153751668,0.0,0,0.0,0.0,0.0,0.0,0.0,0.0,100000000.0,100000000.0,0.0,inf,-1,
2019-02-06,12356.88903771666,11721.08868097557,17679.433385321354,0.0,0,0.0,0.0,0.0,0.0,0.0,0.0,100000000.0,100000000.0,0.0,inf,-1,
2019-02-07,11692.673514938084,11589.950970262757,17580.254810639315,0.0,0,0.0,0.0,0.0,0.0,0.0,0.0,100000000.0,100000000.0,0.0,inf,-1,
2019-02-08,11547.405435722503,11584.539485838544,17576.150117579633,0.0,0,0.0,0.0,0.0,0.0,0.0,0.0,100000000.0,100000000.0,0.0,inf,-1,
2019-02-11,11627.661840190807,11620.423585350345,17603.350882034058,0.0,0,0.0,0.0,0.0,0.0,0.0,0.0,100000000.0,100000000.0,0.0,inf,-1,
2019-02-12,11612.980494129552,11242.499745737137,17314.733414628623,0.0,0,0.0,0.0,0.0,0.0,0.0,0.0,100000000.0,100000000.0,0.0,inf,-1,
2019-02-13,11247.984587391413,11131.6304383187,17229.146187642767,0.0,0,0.0,0.0,0.0,0.0,0.0,0.0,100000000.0,100000000.0,0.0,inf,-1,
2019-02-14,11130.939175000169,10901.09480761155,17049.80532253398,0.0,0,0.0,0.0,0.0,0.0,0.0,0.0,100000000.0,100000000.0,0.0,inf,-1,
2019-02-15,10904.582324169007,10715.25906036821,16903.85286287771,0.0,0,0.0,0.0,0.0,0.0,0.0,0.0,100000000.0,100000000.0,0.0,inf,-1,
2019-02-18,10716.3238673648,10974.87506945898,17107.40585786088,0.0,0,0.0,0.0,0.0,0.0,0.0,0.0,100000000.0,100000000.0,0.0,inf,-1,
2019-02-19,11016.759956680306,10788.090701234118,16961.20333878397,0.0,0,0.0,0.0,0.0,0.0,0.0,0.0,100000000.0,100000000.0,0.0,inf,-1,
2019-02-20,10765.674632643779,10786.844991322338,16960.22404830183,0.0,0,0.0,0.0,0.0,0.0,0.0,0.0,100000000.0,100000000.0,0.0,inf,-1,
2019-02-21,10753.244786685658,11005.376349279246,17131.16174249273,0.0,0,0.0,0.0,0.0,0.0,0.0,0.0,100000000.0,100000000.0,0.0,inf,-1,
2019-02-22,10983.102355275321,10871.500182713387,17026.645927458045,0.0,0,0.0,0.0,0.0,0.0,0.0,0.0,100000000.0,100000000.0,0.0,inf,-1,
2019-02-25,10842.479604226468,10851.325734229385,17010.840256910207,0.0,0,0.0,0.0,0.0,0.0,0.0,0.0,100000000.0,100000000.0,0.0,inf,-1,
2019-02-26,10867.536791314566,10884.257412247955,17036.633010269725,0.0,0,0.0,0.0,0.0,0.0,0.0,0.0,100000000.0,100000000.0,0.0,inf,-1,
2019-02-27,10902.11582746397,10906.082598975874,17053.705442103288,0.0,0,0.0,0.0,0.0,0.0,0.0,0.0,100000000.0,100000000.0,0.0,inf,-1,
2019-02-28,10885.114225497697,10622.447408194788,16830.486155145005,0.0,0,0.0,0.0,0.0,0.0,0.0,0.0,100000000.0,100000000.0,0.0,inf,-1,
2019-03-01,10592.907746374887,10646.641891499854,16849.642442496995,0.0,0,0.0,0.0,0.0,0.0,0.0,0.0,100000000.0,100000000.0,0.0,inf,-1,
2019-03-04,10639.087105679262,10976.302627592186,17108.518445571444,0.0,0,0.0,0.0,0.0,0.0,0.0,0.0,100000000.0,100000000.0,0.0,inf,-1,
2019-03-05,11006.841420944269,10615.35416779604,16824.865858045578,0.0,0,0.0,0.0,0.0,0.0,0.0,0.0,100000000.0,100000000.0,0.0,inf,-1,
2019-03-06,10555.49271185481,10824.454484497524,16989.765142184886,0.0,0,0.0,0.0,0.0,0.0,0.0,0.0,100000000.0,100000000.0,0.0,inf,-1,
2019-03-07,10835.855379480585,10859.428264682347,17017.189947957406,0.0,0,0.0,0.0,0.0,0.0,0.0,0.0,100000000.0,100000000.0,0.0,inf,-1,
2019-03-08,10836.064091236678,10713.678809949168,16902.606355193995,0.0,0,0.0,0.0,0.0,0.0,0.0,0.0,100000000.0,100000000.0,0.0,inf,-1,
2019-03-11,10735.971128854102,11202.427349931235,17283.84783542618,0.0,0,0.0,0.0,0.0,0.0,0.0,0.0,100000000.0,100000000.0,0.0,inf,-1,
2019-03-12,11178.276620658387,11398.710057613864,17434.60930265917,0.0,0,0.0,0.0,0.0,0.0,0.0,0.0,100000000.0,100000000.0,0.0,inf,-1,
2019-03-13,11392.203313093289,11108.558422820352,17211.281899049318,0.0,0,0.0,0.0,0.0,0.0,0.0,0.0,100000000.0,100000000.0,0.0,inf,-1,
2019-03-14,11075.093244039295,11133.462325207984,17230.563794380407,0.0,0,0.0,0.0,0.0,0.0,0.0,0.0,100000000.0,100000000.0,0.0,inf,-1,
2019-03-15,11111.701798286917,11282.381708861616,17345.417614929593,0.0,0,0.0,0.0,0.0,0.0,0.0,0.0,100000000.0,100000000.0,0.0,inf,-1,
2019-03-18,11313.652841710767,11242.364211254677,17314.629045024078,0.0,0,0.0,0.0,0.0,0.0,0.0,0.0,100000000.0,100000000.0,0.0,inf,-1,
2019-03-19,11260.814700156214,11419.394562793375,17450.42086429885,0.0,0,0.0,0.0,0.0,0.0,0.0,0.0,100000000.0,100000000.0,0.0,inf,-1,
2019-03-20,11410.220948567941,11409.539528938933,17442.88930878057,0.0,0,0.0,0.0,0.0,0.0,0.0,0.0,100000000.0,100000000.0,0.0,inf,-1,
2019-03-21,11389.68299682926,11585.209629181478,17576.658483478575,0.0,0,0.0,0.0,0.0,0.0,0.0,0.0,100000000.0,100000000.0,0.0,inf,-1,
2019-03-22,11541.32932383402,11964.892653569861,17862.3571819398,0.0,0,0.0,0.0,0.0,0.0,0.0,0.0,100000000.0,100000000.0,0.0,inf,-1,
2019-03-25,11955.472532969356,11795.430138879943,17735.411010277294,0.0,0,0.0,0.0,0.0,0.0,0.0,0.0,100000000.0,100000000.0,0.0,inf,-1,
2019-03-26,11794.701104566051,11855.373557004785,17780.418860461665,0.0,0,0.0,0.0,0.0,0.0,0.0,0.0,100000000.0,100000000.0,0.0,inf,-1,
2019-03-27,11853.38056538234,11742.19145718857,17695.34135090444,0.0,0,0.0,0.0,0.0,0.0,0.0,0.0,100000000.0,100000000.0,0.0,inf,-1,
2019-03-28,11739.9888116377,11782.18173624031,17725.44817392238,0.0,0,0.0,0.0,0.0,0.0,0.0,0.0,100000000.0,100000000.0,0.0,inf,-1,
2019-03-29,11755.747006437408,11485.324480326328,17500.723398630376,0.0,0,0.0,0.0,0.0,0.0,0.0,0.0,100000000.0,100000000.0,0.0,inf,-1,
2019-04-01,11483.802126170336,11346.682984473167,17394.77544894686,0.0,0,0.0,0.0,0.0,0.0,0.0,0.0,100000000.0,100000000.0,0.0,inf,-1,
2019-04-02,11345.805355318122,11304.593434505176,17362.48325903118,0.0,0,0.0,0.0,0.0,0.0,0.0,0.0,100000000.0,100000000.0,0.0,inf,-1,
2019-04-03,11333.771992783919,11537.26171969752,17540.248359851328,0.0,0,0.0,0.0,0.0,0.0,0.0,0.0,100000000.0,100000000.0,0.0,inf,-1,
2019-04-04,11580.335704545078,11838.735574976272,17767.93784693937,0.0,0,0.0,0.0,0.0,0.0,0.0,0.0,100000000.0,100000000.0,0.0,inf,-1,
2019-04-05,11835.492021243566,11505.891628066021,17516.385949973446,0.0,0,0.0,0.0,0.0,0.0,0.0,0.0,100000000.0,100000000.0,0.0,inf,-1,
2019-04-08,11488.257561609678,11313.278084519217,17369.151262718024,0.0,0,0.0,0.0,0.0,0.0,0.0,0.0,100000000.0,100000000.0,0.0,inf,-1,
2019-04-09,11311.807762710174,11482.325762324876,17498.438606401334,0.0,0,0.0,0.0,0.0,0.0,0.0,0.0,100000000.0,100000000.0,0.0,inf,-1,
2019-04-10,11468.371951479694,10996.485564990588,17124.240569041758,0.0,0,0.0,0.0,0.0,0.0,0.0,0.0,100000000.0,100000000.0,0.0,inf,-1,
2019-04-11,10980.15723951496,10891.536182954791,17042.32862254435,0.0,0,0.0,0.0,0.0,0.0,0.0,0.0,100000000.0,100000000.0,0.0,inf,-1,
2019-04-12,10890.2586024512,10874.772728893295,17029.208420744475,0.0,0,0.0,0.0,0.0,0.0,0.0,0.0,100000000.0,100000000.0,0.0,inf,-1,
2019-04-15,10852.081331741638,11186.414016787314,17271.490201514025,0.0,0,0.0,0.0,0.0,0.0,0.0,0.0,100000000.0,100000000.0,0.0,inf,-1,
2019-04-16,11199.974338900895,11364.186707334584,17408.1871216464,0.0,0,0.0,0.0,0.0,0.0,0.0,0.0,100000000.0,100000000.0,0.0,inf,-1,
2019-04-17,11361.824875929136,11289.44477337474,17350.846106842353,0.0,0,0.0,0.0,0.0,0.0,0.0,0.0,100000000.0,100000000.0,0.0,inf,-1,
2019-04-18,11295.0896833211,11204.993516886245,17285.82734835005,0.0,0,0.0,0.0,0.0,0.0,0.0,0.0,100000000.0,100000000.0,0.0,inf,-1,
2019-04-19,11200.893833052183,11150.175412556031,17243.49184479449,0.0,0,0.0,0.0,0.0,0.0,0.0,0.0,100000000.0,100000000.0,0.0,inf,-1,
2019-04-22,11133.95738324318,11537.157074037003,17540.168812594708,0.0,0,0.0,0.0,0.0,0.0,0.0,0.0,100000000.0,100000000.0,0.0,inf,-1,
2019-04-23,11515.283557355688,11435.88625197489,17463.017113870395,0.0,0,0.0,0.0,0.0,0.0,0.0,0.0,100000000.0,100000000.0,0.0,inf,-1,
2019-04-24,11430.459329183332,11366.555998590657,17410.001722068195,0.0,0,0.0,0.0,0.0,0.0,0.0,0.0,100000000.0,100000000.0,0.0,inf,-1,
2019-04-25,11354.0809683803,11461.943867632423,17482.901260094044,0.0,0,0.0,0.0,0.0,0.0,0.0,0.0,100000000.0,100000000.0,0.0,inf,-1,
2019-04-26,11467.305795536047,11438.39145594753,17464.92977823274,0.0,0,0.0,0.0,0.0,0.0,0.0,0.0,100000000.0,100000000.0,0.0,inf,-1,
2019-04-29,11438.290072835549,11395.688886803622,17432.298671759556,0.0,0,0.0,0.0,0.0,0.0,0.0,0.0,100000000.0,100000000.0,0.0,inf,-1,
2019-04-30,11364.640039068181,11126.45536590518,17225.140824508173,0.0,0,0.0,0.0,0.0,0.0,0.0,0.0,100000000.0,100000000.0,0.0,inf,-1,
2019-05-01,11127.94901018956,11130.311659044963,17228.125577318784,0.0,0,0.0,0.0,0.0,0.0,0.0,0.0,100000000.0,100000000.0,0.0,inf,-1,
2019-05-02,11100.418749130218,11028.836908512945,17149.411580586235,0.0,0,0.0,0.0,0.0,0.0,0.0,0.0,100000000.0,100000000.0,0.0,inf,-1,
2019-05-03,11015.238846133745,11322.231595722218,17376.02301696006,0.0,0,0.0,0.0,0.0,0.0,0.0,0.0,100000000.0,100000000.0,0.0,inf,-1,
2019-05-06,11315.566116253016,11492.976823815394,17506.552543788013,0.0,0,0.0,0.0,0.0,0.0,0.0,0.0,100000000.0,100000000.0,0.0,inf,-1,
2019-05-07,11445.274688443158,11387.644560676783,17426.144772095966,0.0,0,0.0,0.0,0.0,0.0,0.0,0.0,100000000.0,100000000.0,0.0,inf,-1,
2019-05-08,11389.728669258551,11680.817990132296,17649.0362268556,0.0,0,0.0,0.0,0.0,0.0,0.0,0.0,100000000.0,100000000.0,0.0,inf,-1,
2019-05-09,11684.345208187404,11392.491872684956,17429.85322002451,0.0,0,0.0,0.0,0.0,0.0,0.0,0.0,100000000.0,100000000.0,0.0,inf,-1,
2019-05-10,11388.891294006398,11912.173360213681,17822.961489953483,0.0,0,0.0,0.0,0.0,0.0,0.0,0.0,100000000.0,100000000.0,0.0,inf,-1,
2019-05-13,11902.064278394851,11814.066179456677,17749.41589984052,0.0,0,0.0,0.0,0.0,0.0,0.0,0.0,100000000.0,100000000.0,0.0,inf,-1,
2019-05-14,11805.238622725867,12066.825443289708,17938.283413444522,0.0,0,0.0,0.0,0.0,0.0,0.0,0.0,100000000.0,100000000.0,0.0,inf,-1,
2019-05-15,12043.257980677285,11222.439784946719,17299.27920266947,0.0,0,0.0,0.0,0.0,0.0,0.0,0.0,100000000.0,100000000.0,0.0,inf,-1,
2019-05-16,11216.386392628201,11327.680459605632,17380.20365021126,0.0,0,0.0,0.0,0.0,0.0,0.0,0.0,100000000.0,100000000.0,0.0,inf,-1,
2019-05-17,11315.160839748787,10327.798287101108,16595.419679016744,0.0,0,0.0,0.0,0.0,0.0,0.0,0.0,100000000.0,100000000.0,0.0,inf,-1,
2019-05-20,10329.692103584208,9254.155329122983,15709.152601056478,0.0,0,0.0,0.0,0.0,0.0,0.0,0.0,100000000.0,100000000.0,0.0,inf,-1,
2019-05-21,9231.868804302881,9041.714663080653,15527.79414519281,0.0,0,0.0,0.0,0.0,0.0,0.0,0.0,100000000.0,100000000.0,0.0,inf,-1,
2019-05-22,9045.974936550214,8575.012503264996,15121.739320827699,0.0,0,0.0,0.0,0.0,0.0,0.0,0.0,100000000.0,100000000.0,0.0,inf,-1,
2019-05-23,8577.468710869545,8576.750318029528,15123.271531455113,0.0,0,0.0,0.0,0.0,0.0,0.0,0.0,100000000.0,100000000.0,0.0,inf,-1,
2019-05-24,8574.322019897709,9519.029708830041,15932.381875773244,0.0,0,0.0,0.0,0.0,0.0,0.0,0.0,100000000.0,100000000.0,0.0,inf,-1,
2019-05-27,9510.668101311601,9058.52916627033,15542.225637507929,0.0,0,0.0,0.0,0.0,0.0,0.0,0.0,100000000.0,100000000.0,0.0,inf,-1,
2019-05-28,9068.5359403216,8710.329183340507,15240.585450994993,0.0,0,0.0,0.0,0.0,0.0,0.0,0.0,100000000.0,100000000.0,0.0,inf,-1,
2019-05-29,8681.330725689857,8730.125811786758,15257.894841064419,0.0,0,0.0,0.0,0.0,0.0,0.0,0.0,100000000.0,100000000.0,0.0,inf,-1,
2019-05-30,8738.165442931688,8876.705143468447,15385.452127225853,0.0,0,0.0,0.0,0.0,0.0,0.0,0.0,100000000.0,100000000.0,0.0,inf,-1,
2019-05-31,8881.019887320823,8728.644969985446,15256.600731036993,0.0,0,0.0,0.0,0.0,0.0,0.0,0.0,100000000.0,100000000.0,0.0,inf,-1,
2019-06-03,8733.591952086337,8570.393314871653,15117.665882334839,0.0,0,0.0,0.0,0.0,0.0,0.0,0.0,100000000.0,100000000.0,0.0,inf,-1,
2019-06-04,8576.963594231034,8806.030524846616,15324.081723306505,0.0,0,0.0,0.0,0.0,0.0,0.0,0.0,100000000.0,100000000.0,0.0,inf,-1,
2019-06-05,8794.518499652911,8965.932843254035,15462.585245901615,0.0,0,0.0,0.0,0.0,0.0,0.0,0.0,100000000.0,100000000.0,0.0,inf,-1,
2019-06-06,8961.28024033756,8446.467984143472,15007.969424403353,0.0,0,0.0,0.0,0.0,0.0,0.0,0.0,100000000.0,100000000.0,0.0,inf,-1,
2019-06-07,8457.229769740772,8346.05771983819,14918.496546089526,0.0,0,0.0,0.0,0.0,0.0,0.0,0.0,100000000.0,100000000.0,0.0,inf,-1,
2019-06-10,8353.245999813282,8294.176486775139,14872.055663133358,0.0,0,0.0,0.0,0.0,0.0,0.0,0.0,100000000.0,100000000.0,0.0,inf,-1,
2019-06-11,8297.605511092439,7805.506212633644,14427.294699176875,0.0,0,0.0,0.0,0.0,0.0,0.0,0.0,100000000.0,100000000.0,0.0,inf,-1,
2019-06-12,7781.866140471248,7844.568365800799,14463.349880117259,0.0,0,0.0,0.0,0.0,0.0,0.0,0.0,100000000.0,100000000.0,0.0,inf,-1,
2019-06-13,7853.007350292369,7455.287711168435,14099.917457128071,0.0,0,0.0,0.0,0.0,0.0,0.0,0.0,100000000.0,100000000.0,0.0,inf,-1,
2019-06-14,7472.725196598783,7764.226794476831,14389.094754456082,0.0,0,0.0,0.0,0.0,0.0,0.0,0.0,100000000.0,100000000.0,0.0,inf,-1,
2019-06-17,7779.905431396637,7776.9495416867385,14400.879178426792,0.0,0,0.0,0.0,0.0,0.0,0.0,0.0,100000000.0,100000000.0,0.0,inf,-1,
2019-06-18,7780.587257255109,7796.921016049189,14419.358299220938,0.0,0,0.0,0.0,0.0,0.0,0.0,0.0,100000000.0,100000000.0,0.0,inf,-1,
2019-06-19,7772.630821967807,7700.815947625545,14330.216046406318,0.0,0,0.0,0.0,0.0,0.0,0.0,0.0,100000000.0,100000000.0,0.0,inf,-1,
2019-06-20,7715.332675899063,7685.357340471094,14315.825593117657,0.0,0,0.0,0.0,0.0,0.0,0.0,0.0,100000000.0,100000000.0,0.0,inf,-1,
2019-06-21,7683.093931464628,7359.3120426088735,14008.865804776511,0.0,0,0.0,0.0,0.0,0.0,0.0,0.0,100000000.0,100000000.0,0.0,inf,-1,
2019-06-24,7322.036837920548,7182.700966845311,13839.75044750476,0.0,0,0.0,0.0,0.0,0.0,0.0,0.0,100000000.0,100000000.0,0.0,inf,-1,
2019-06-25,7188.119702803309,7244.611615801645,13899.26771769088,0.0,0,0.0,0.0,0.0,0.0,0.0,0.0,100000000.0,100000000.0,0.0,inf,-1,
2019-06-26,7222.9912057367055,6917.327476463716,13581.681267024067,0.0,0,0.0,0.0,0.0,0.0,0.0,0.0,100000000.0,100000000.0,0.0,inf,-1,
2019-06-27,6899.391668369744,7051.602385232544,13712.867324993262,0.0,0,0.0,0.0,0.0,0.0,0.0,0.0,100000000.0,100000000.0,0.0,inf,-1,
2019-06-28,7042.647429952568,6789.93084864723,13456.032945507854,0.0,0,0.0,0.0,0.0,0.0,0.0,0.0,100000000.0,100000000.0,0.0,inf,-1,
2019-07-01,6807.212460840077,6908.061094618294,13572.581277087807,0.0,0,0.0,0.0,0.0,0.0,0.0,0.0,100000000.0,100000000.0,0.0,inf,-1,
2019-07-02,6902.937449891654,6784.822074349966,13450.969803301636,0.0,0,0.0,0.0,0.0,0.0,0.0,0.0,100000000.0,100000000.0,0.0,inf,-1,
2019-07-03,6788.499333762844,6906.243609636262,13570.795712004767,0.0,0,0.0,0.0,0.0,0.0,0.0,0.0,100000000.0,100000000.0,0.0,inf,-1,
2019-07-04,6930.387394795287,6930.325626043128,13594.435750010005,0.0,0,0.0,0.0,0.0,0.0,0.0,0.0,100000000.0,100000000.0,0.0,inf,-1,
2019-07-05,6952.419916668746,6703.946824865464,13370.561518864708,0.0,0,0.0,0.0,0.0,0.0,0.0,0.0,100000000.0,100000000.0,0.0,inf,-1,
2019-07-08,6702.561073257714,6894.870323793329,13559.616832141268,0.0,0,0.0,0.0,0.0,0.0,0.0,0.0,100000000.0,100000000.0,0.0,inf,-1,
2019-07-09,6891.539811538175,7121.335379996877,13780.503503135027,0.0,0,0.0,0.0,0.0,0.0,0.0,0.0,100000000.0,100000000.0,0.0,inf,-1,
2019-07-10,7103.377214684596,7115.3011255128395,13774.663819745623,0.0,0,0.0,0.0,0.0,0.0,0.0,0.0,100000000.0,100000000.0,0.0,inf,-1,
2019-07-11,7105.418568879148,7076.796936854327,13737.34271912811,0.0,0,0.0,0.0,0.0,0.0,0.0,0.0,100000000.0,100000000.0,0.0,inf,-1,
2019-07-12,7082.817286157231,7056.183481900795,13717.320906455745,0.0,0,0.0,0.0,0.0,0.0,0.0,0.0,100000000.0,100000000.0,0.0,inf,-1,
2019-07-15,7061.768179630318,6910.562034966711,13575.037910288833,0.0,0,0.0,0.0,0.0,0.0,0.0,0.0,100000000.0,100000000.0,0.0,inf,-1,
2019-07-16,6912.085651237016,7083.866536785139,13744.202692320994,0.0,0,0.0,0.0,0.0,0.0,0.0,0.0,100000000.0,100000000.0,0.0,inf,-1,
2019-07-17,7097.96062113065,7003.9638785670495,13666.468823186235,0.0,0,0.0,0.0,0.0,0.0,0.0,0.0,100000000.0,100000000.0,0.0,inf,-1,
2019-07-18,6993.14460323856,7000.2794387039385,13662.873722809501,0.0,0,0.0,0.0,0.0,0.0,0.0,0.0,100000000.0,100000000.0,0.0,inf,-1,
2019-07-19,6999.49433608147,6883.295588430606,13548.230475778604,0.0,0,0.0,0.0,0.0,0.0,0.0,0.0,100000000.0,100000000.0,0.0,inf,-1,
2019-07-22,6893.36231170416,6793.212412278715,13459.284193228817,0.0,0,0.0,0.0,0.0,0.0,0.0,0.0,100000000.0,100000000.0,0.0,inf,-1,
2019-07-23,6801.148866720254,6608.878588395144,13275.419479519425,0.0,0,0.0,0.0,0.0,0.0,0.0,0.0,100000000.0,100000000.0,0.0,inf,-1,
2019-07-24,6623.034089608284,6798.279126855425,13464.302558350779,0.0,0,0.0,0.0,0.0,0.0,0.0,0.0,100000000.0,100000000.0,0.0,inf,-1,
2019-07-25,6803.677237943917,6779.338860275884,13445.533444507022,0.0,0,0.0,0.0,0.0,0.0,0.0,0.0,100000000.0,100000000.0,0.0,inf,-1,
2019-07-26,6775.143770738632,6929.099479887097,13593.23310071311,0.0,0,0.0,0.0,0.0,0.0,0.0,0.0,100000000.0,100000000.0,0.0,inf,-1,
2019-07-29,6934.118812291503,6935.290908138983,13599.30479413217,0.0,0,0.0,0.0,0.0,0.0,0.0,0.0,100000000.0,100000000.0,0.0,inf,-1,
2019-07-30,6921.384329438929,6834.245819338121,13499.872413558207,0.0,0,0.0,0.0,0.0,0.0,0.0,0.0,100000000.0,100000000.0,0.0,inf,-1,
2019-07-31,6811.836883172974,6789.376067104268,13455.483211542936,0.0,0,0.0,0.0,0.0,0.0,0.0,0.0,100000000.0,100000000.0,0.0,inf,-1,
2019-08-01,6797.2608652884,6710.234943247961,13376.830659263513,0.0,0,0.0,0.0,0.0,0.0,0.0,0.0,100000000.0,100000000.0,0.0,inf,-1,
2019-08-02,6709.494934071806,6715.438063783535,13382.015855900072,0.0,0,0.0,0.0,0.0,0.0,0.0,0.0,100000000.0,100000000.0,0.0,inf,-1,
2019-08-05,6719.58027527249,6664.221842335589,13330.888284817422,0.0,0,0.0,0.0,0.0,0.0,0.0,0.0,100000000.0,100000000.0,0.0,inf,-1,
2019-08-06,6641.594351897782,6624.367636524758,13290.966994190461,0.0,0,0.0,0.0,0.0,0.0,0.0,0.0,100000000.0,100000000.0,0.0,inf,-1,
2019-08-07,6619.530337466694,6430.332664175555,13094.866845880799,0.0,0,0.0,0.0,0.0,0.0,0.0,0.0,100000000.0,100000000.0,0.0,inf,-1,
2019-08-08,6422.618102591024,6320.988870480484,12983.054463908442,0.0,0,0.0,0.0,0.0,0.0,0.0,0.0,100000000.0,100000000.0,0.0,inf,-1,
2019-08-09,6310.063520162515,6559.175629607007,13225.405480470286,0.0,0,0.0,0.0,0.0,0.0,0.0,0.0,100000000.0,100000000.0,0.0,inf,-1,
2019-08-12,6529.593550657433,6466.906071509551,13132.053478934207,0.0,0,0.0,0.0,0.0,0.0,0.0,0.0,100000000.0,100000000.0,0.0,inf,-1,
2019-08-13,6462.574880799912,6322.455965165232,12984.56105294821,0.0,0,0.0,0.0,0.0,0.0,0.0,0.0,100000000.0,100000000.0,0.0,inf,-1,
2019-08-14,6333.8022988638,6373.373454339544,13036.741366194792,0.0,0,0.0,0.0,0.0,0.0,0.0,0.0,100000000.0,100000000.0,0.0,inf,-1,
2019-08-15,6378.229935872924,6577.724747347156,13244.092768573877,0.0,0,0.0,0.0,0.0,0.0,0.0,0.0,100000000.0,100000000.0,0.0,inf,-1,
2019-08-16,6569.81902457469,6374.466286709448,13037.85901310431,0.0,0,0.0,0.0,0.0,0.0,0.0,0.0,100000000.0,100000000.0,0.0,inf,-1,
2019-08-19,6374.276633949914,6349.098835386291,13011.89080329864,0.0,0,0.0,0.0,0.0,0.0,0.0,0.0,100000000.0,100000000.0,0.0,inf,-1,
2019-08-20,6358.708832402411,6265.182581123475,12925.615478445348,0.0,0,0.0,0.0,0.0,0.0,0.0,0.0,100000000.0,100000000.0,0.0,inf,-1,
2019-08-21,6230.593537304028,6030.713341657282,12681.444020465264,0.0,0,0.0,0.0,0.0,0.0,0.0,0.0,100000000.0,100000000.0,0.0,inf,-1,
2019-08-22,6029.211253228581,6132.691293920006,12788.214672288446,0.0,0,0.0,0.0,0.0,0.0,0.0,0.0,100000000.0,100000000.0,0.0,inf,-1,
2019-08-23,6139.353851546957,6133.207895518943,12788.753283536742,0.0,0,0.0,0.0,0.0,0.0,0.0,0.0,100000000.0,100000000.0,0.0,inf,-1,
2019-08-26,6141.575168859034,6146.541983008306,12802.647625142028,0.0,0,0.0,0.0,0.0,0.0,0.0,0.0,100000000.0,100000000.0,0.0,inf,-1,
2019-08-27,6167.44920224662,6049.277189532493,12700.947145293265,0.0,0,0.0,0.0,0.0,0.0,0.0,0.0,100000000.0,100000000.0,0.0,inf,-1,
2019-08-28,6063.009601403765,6113.772687038901,12768.474392856704,0.0,0,0.0,0.0,0.0,0.0,0.0,0.0,100000000.0,100000000.0,0.0,inf,-1,
2019-08-29,6117.594563283011,6045.290275363348,12696.761030922647,0.0,0,0.0,0.0,0.0,0.0,0.0,0.0,100000000.0,100000000.0,0.0,inf,-1,
2019-08-30,6048.941340589674,6029.931383042253,12680.621838634732,0.0,0,0.0,0.0,0.0,0.0,0.0,0.0,100000000.0,100000000.0,0.0,inf,-1,
2019-09-02,6039.421835943477,5888.220878075341,12530.731160444806,0.0,0,0.0,0.0,0.0,0.0,0.0,0.0,100000000.0,100000000.0,0.0,inf,-1,
2019-09-03,5881.869525134238,5736.215275896774,12367.931948817499,0.0,0,0.0,0.0,0.0,0.0,0.0,0.0,100000000.0,100000000.0,0.0,inf,-1,
2019-09-04,5735.7542212274275,5910.800874962353,12554.734432303327,0.0,0,0.0,0.0,0.0,0.0,0.0,0.0,100000000.0,100000000.0,0.0,inf,-1,
2019-09-05,5921.514071546996,5848.732847845989,12488.643211970348,0.0,0,0.0,0.0,0.0,0.0,0.0,0.0,100000000.0,100000000.0,0.0,inf,-1,
2019-09-06,5871.629996098421,5889.917545003812,12532.536370055675,0.0,0,0.0,0.0,0.0,0.0,0.0,0.0,100000000.0,100000000.0,0.0,inf,-1,
2019-09-09,5888.041402407062,5889.07305283697,12531.637884795928,0.0,0,0.0,0.0,0.0,0.0,0.0,0.0,100000000.0,100000000.0,0.0,inf,-1,
2019-09-10,5888.502982446428,5835.695273797532,12474.716054267561,0.0,0,0.0,0.0,0.0,0.0,0.0,0.0,100000000.0,100000000.0,0.0,inf,-1,
2019-09-11,5838.01181365519,5774.307137628874,12408.929191114892,0.0,0,0.0,0.0,0.0,0.0,0.0,0.0,100000000.0,100000000.0,0.0,inf,-1,
2019-09-12,5789.819278984075,5858.420863492984,12498.982212956897,0.0,0,0.0,0.0,0.0,0.0,0.0,0.0,100000000.0,100000000.0,0.0,inf,-1,
2019-09-13,5858.065687312607,5823.136317437778,12461.285452619808,0.0,0,0.0,0.0,0.0,0.0,0.0,0.0,100000000.0,100000000.0,0.0,inf,-1,
2019-09-16,5840.24887337504,5807.250612905697,12444.276449201532,0.0,0,0.0,0.0,0.0,0.0,0.0,0.0,100000000.0,100000000.0,0.0,inf,-1,
2019-09-17,5796.023371468932,5813.577422534419,12451.053419995615,0.0,0,0.0,0.0,0.0,0.0,0.0,0.0,100000000.0,100000000.0,0.0,inf,-1,
2019-09-18,5811.414349717083,5969.596276841248,12617.021599771475,0.0,0,0.0,0.0,0.0,0.0,0.0,0.0,100000000.0,100000000.0,0.0,inf,-1,
2019-09-19,5967.2303448781495,6063.277777557062,12715.63633490364,0.0,0,0.0,0.0,0.0,0.0,0.0,0.0,100000000.0,100000000.0,0.0,inf,-1,
2019-09-20,6072.81538291473,6118.1988468046875,12773.095523330476,0.0,0,0.0,0.0,0.0,0.0,0.0,0.0,100000000.0,100000000.0,0.0,inf,-1,
2019-09-23,6130.989068470766,6046.437021393256,12697.96521378472,0.0,0,0.0,0.0,0.0,0.0,0.0,0.0,100000000.0,100000000.0,0.0,inf,-1,
2019-09-24,6028.183500895938,5868.892029351871,12510.147379203141,0.0,0,0.0,0.0,0.0,0.0,0.0,0.0,100000000.0,100000000.0,0.0,inf,-1,
2019-09-25,5858.150576271786,5996.377417469864,12645.2915268568,0.0,0,0.0,0.0,0.0,0.0,0.0,0.0,100000000.0,100000000.0,0.0,inf,-1,
2019-09-26,6000.417206663372,6128.912696593459,12784.274399009077,0.0,0,0.0,0.0,0.0,0.0,0.0,0.0,100000000.0,100000000.0,0.0,inf,-1,
2019-09-27,6120.838544894589,6113.636544739806,12768.332227026682,0.0,0,0.0,0.0,0.0,0.0,0.0,0.0,100000000.0,100000000.0,0.0,inf,-1,
2019-09-30,6095.021404567953,6190.669380235536,12848.521969716243,0.0,0,0.0,0.0,0.0,0.0,0.0,0.0,100000000.0,100000000.0,0.0,inf,-1,
2019-10-01,6203.527152565122,6301.797858223694,12963.330701866906,0.0,0,0.0,0.0,0.0,0.0,0.0,0.0,100000000.0,100000000.0,0.0,inf,-1,
2019-10-02,6308.023657460386,6421.944959190895,13086.323608195842,0.0,0,0.0,0.0,0.0,0.0,0.0,0.0,100000000.0,100000000.0,0.0,inf,-1,
2019-10-03,6428.279276670797,6557.382153723842,13223.597245050323,0.0,0,0.0,0.0,0.0,0.0,0.0,0.0,100000000.0,100000000.0,0.0,inf,-1,
2019-10-04,6551.146795211665,6495.878332380254,13161.436935107304,0.0,0,0.0,0.0,0.0,0.0,0.0,0.0,100000000.0,100000000.0,0.0,inf,-1,
2019-10-07,6509.246050373827,6720.061314542685,13386.621495152225,0.0,0,0.0,0.0,0.0,0.0,0.0,0.0,100000000.0,100000000.0,0.0,inf,-1,
2019-10-08,6716.836222764629,6542.191698343022,13208.271850970788,26872.718360036728,4,0.0,0.0,0.0,0.0,2.0074670416833382,26168.766793372088,100000000.0,99999294.04096629,-705.9590337063236,3821.3223737502863,0,
2019-10-09,6556.53787788771,6671.402709508175,13338.068535344662,91809.88859648602,14,0.0,0.0,0.0,0.0,9.212019083814027,120085.24877114713,100000000.0,100001391.4223285,1391.4223284988914,832.7533351986178,0,
2019-10-10,6659.238538791849,6748.340648635697,13414.758686994159,59945.13347849647,9,93210.69367517727,1393.6401749593947,1110.5221734163938,283.118001543001,6.729852044118889,87728.42843226406,100001110.52217342,100002010.31433271,899.7921592931033,1139.904271641492,0,
2019-10-11,6736.812654713606,6883.424432031973,13548.3572751159,60643.44015520094,9,0.0,0.0,0.0,0.0,11.616957397621086,151435.3375047034,100001110.52217342,100005062.16629255,3951.6441191338845,660.3812809753636,0,
2019-10-14,6886.2419995203045,7178.241582238146,13835.45357139948,27550.476991680833,4,151467.02452464882,3983.331139079305,3174.1174181753445,809.2137209039608,2.2026385129059527,28712.966328952585,100004284.63959159,100005444.92629035,1160.2866987588466,3482.9367255395805,0,
2019-10-15,7168.15856261114,7420.988345414624,14067.445487521532,21508.776582970986,3,28666.899723594473,1114.2200934007349,887.8662814263756,226.35381197435927,1.7078438931913134,22262.96503624387,100005172.50587302,100005924.9864824,752.4806093796923,4492.030815467473,0,
2019-10-16,7431.013374382624,7240.70340120826,13895.518127519399,7432.4995770575,1,22288.581515123242,778.0970882590644,620.0266647792355,158.07042347982895,0.555451219818714,7240.70340120826,100005792.5325378,100005600.18091074,-192.35162706905797,13811.586339004405,0,
2019-10-17,7244.469837635315,6980.82833085464,13643.878559856934,7245.918731602842,1,0.0,0.0,0.0,0.0,1.0710311959667393,13961.65666170928,100005792.5325378,100005074.14440843,-718.3881293668476,7162.837231105864,0,
2019-10-18,6967.942123602195,7111.684539038916,13771.162661193055,34846.67856013458,5,0.0,0.0,0.0,0.0,3.8188771771277388,49781.791773272416,100005792.5325378,100006043.78208269,251.24954488458326,2008.887993376233,0,
2019-10-21,7112.720933374254,6958.812680595631,13622.347013243232,28456.573910243715,4,35556.491945937894,707.0856163910838,563.4411734212351,143.64444296984868,3.2029603570960745,41752.876083573785,100006355.97371122,100004967.93702535,-1388.0366858680466,2395.163574764346,0,
2019-10-22,6953.923729333694,6961.089151411164,13624.575003926948,118240.34673935254,17,0.0,0.0,0.0,0.0,12.282031269887092,160105.05048245675,100006355.97371122,100005067.48265362,-1288.4910576074976,624.6215667856868,0,
2019-10-23,6973.839539354545,7095.139370279378,13755.134188396107,153455.15475977317,22,0.0,0.0,0.0,0.0,24.492809880964437,319281.27166257205,100006355.97371122,100010764.05626407,4408.082552853642,313.2371765355503,0,
2019-10-24,7086.163267129908,6847.24520918411,13512.70533898534,92138.54649718334,13,276305.0953445828,4579.28872044771,3649.006216888758,930.2825035589524,9.980094387084804,130097.65897449807,100010004.9799281,100004806.72982545,-5198.250102655672,768.6902863442649,0,
2019-10-25,6841.230957436152,6540.586511780488,13206.651366419359,150537.18247980805,22,0.0,0.0,0.0,0.0,20.571488535682207,268164.046983,100010004.9799281,99992315.36386561,-17689.616062497476,372.87741026001345,0,
2019-10-28,6556.430911312239,6581.952412803602,13248.34823697264,190174.52372734054,29,0.0,0.0,0.0,0.0,35.344182819438544,460736.6688962522,100010004.9799281,99994678.1178687,-15326.862059405325,217.03216797876647,0,
2019-10-29,6611.421043122823,6592.336975569153,13258.795295268877,185156.81316528053,28,0.0,0.0,0.0,0.0,49.559925098525355,646049.023605777,100010004.9799281,99994784.09948784,-15220.880440259547,154.77894160630333,0,
2019-10-30,6618.693253032499,6560.719275474304,13226.961631933771,185360.47576712695,28,0.0,0.0,0.0,0.0,63.414294805132414,826650.6287097622,100010004.9799281,99989961.8145299,-20043.165398206318,120.95794564457587,0,
2019-10-31,6561.548852336814,6570.224532951677,13236.539863022288,190322.97370111116,29,0.0,0.0,0.0,0.0,78.12266978906922,1018384.8026075099,100010004.9799281,99991294.89205675,-18710.08787135882,98.18616169058627,0,
2019-11-01,6573.10038208274,6450.8806994551915,13115.772387427478,184083.6200604564,28,0.0,0.0,0.0,0.0,90.55976083289977,1180511.1680003,100010004.9799281,99969247.07762825,-40757.90229985809,84.68301680446521,0,
2019-11-04,6470.665017231054,6243.368041929842,12903.093212538706,187686.8153568005,29,0.0,0.0,0.0,0.0,101.53597999149468,1323594.0248891267,100010004.9799281,99924541.58318028,-85463.39674782362,75.49485696080461,0,
2019-11-05,6241.814257344618,6224.252658962228,12883.325304658709,193534.94122607872,31,0.0,0.0,0.0,0.0,116.0268906618603,1512493.3961278214,100010004.9799281,99919789.98630224,-90214.99362586922,66.06295950918518,0,
2019-11-06,6212.098571536423,6096.261955448206,12750.175899908943,192613.57072877264,31,0.0,0.0,0.0,0.0,128.13841567725615,1670375.7757928087,100010004.9799281,99884930.65682277,-125074.32310533205,59.79788027602022,0,
2019-11-07,6097.686963964549,5883.308066536605,12525.502589023836,195165.00804343494,32,0.0,0.0,0.0,0.0,138.10461236735773,1800292.2683602013,100010004.9799281,99819544.03673436,-190460.94319374175,55.44629935430158,0,
2019-11-08,5888.620891170768,5952.695746740856,12599.14890960587,194363.35430651705,33,0.0,0.0,0.0,0.0,154.8027069262031,2017963.85814515,100010004.9799281,99842697.46950588,-167307.51042223614,49.476950276640835,0,
2019-11-11,5942.824395934058,5948.228319609667,12594.420266779165,196152.42770683707,33,0.0,0.0,0.0,0.0,169.74451007412154,2212740.934894796,100010004.9799281,99841152.3740386,-168852.60588950122,45.12103102516406,0,
2019-11-12,5928.64400221669,6009.970503546458,12659.616111658845,195684.38112356537,33,0.0,0.0,0.0,0.0,186.72072742525143,2434038.0539363152,100010004.9799281,99866578.39122914,-143426.58869897254,41.02917710334288,0,
2019-11-13,5992.701099538368,5663.007398353846,12288.756268344214,197798.6881120231,33,197719.5844575092,3310.888598711084,2638.281579882927,672.6070188281567,175.94110656803468,2293517.9963333076,100012643.26150799,99725130.68184622,-287512.57966177346,43.481294169602656,0,
2019-11-14,5670.544060272545,5425.1858341146935,12027.951706049476,198508.73591796096,35,0.0,0.0,0.0,0.0,183.11860130491254,2387081.7670104653,100012643.26150799,99620002.5980041,-392640.6635038817,41.73296615757166,0,
2019-11-15,5416.957167048253,5109.492083066033,11672.7512701631,195049.46010533985,36,0.0,0.0,0.0,0.0,186.5734533783675,2432118.231539431,100012643.26150799,99469803.02897435,-542840.2325336335,40.89842415515057,0,
2019-11-18,5108.047659367164,4839.289484660417,11359.917235215424,199253.70148706247,39,0.0,0.0,0.0,0.0,191.1850804624744,2492234.0846001147,100012643.26150799,99330473.99546751,-682169.2660404755,39.8559969182852,0,
2019-11-19,4841.346750672396,4838.178491442203,11358.613168214042,198534.91582092378,41,0.0,0.0,0.0,0.0,206.3582541226624,2690027.241241865,100012643.26150799,99329525.87803422,-683117.3834737715,36.92510036893836,0,
2019-11-20,4844.169519611021,4606.137136177757,11082.884265001005,198650.6724941127,41,0.0,0.0,0.0,0.0,210.94846128314384,2749863.870298122,100012643.26150799,99190500.88613507,-822142.3753729112,36.07105862857913,0,
2019-11-21,4603.05191974143,4642.220875893504,11126.210347215869,197970.81879539124,43,0.0,0.0,0.0,0.0,227.9139673863324,2971021.360571842,100012643.26150799,99213459.64364602,-799183.6178619674,33.393721418599995,0,
2019-11-22,4646.851172765319,4674.7733722656785,11165.15218259107,195206.78280599462,42,0.0,0.0,0.0,0.0,244.57389675831655,3188195.439885193,100012643.26150799,99235182.36625662,-777460.89525137,31.1258152887359,0,
2019-11-25,4666.451711959044,5121.455799056657,11686.40897117292,196030.1700966603,42,0.0,0.0,0.0,0.0,284.4442519410318,3707933.9985170206,100012643.26150799,99558606.31053984,-454036.95096814435,26.8501560034127,0,
2019-11-26,5117.750794267839,4729.404433966669,11230.20265055108,143325.68164394738,28,1069395.9940187782,82771.92799894683,65956.81082596078,16815.11717298605,197.00236990144913,2568066.607643901,100078600.07233395,99327797.11249867,-750802.9598352805,38.67804550584768,0,
2019-11-27,4719.7146827204515,4894.902712865576,11425.00498948463,193547.0036519368,41,0.0,0.0,0.0,0.0,219.29164153637703,2858623.1843134966,100078600.07233395,99424587.3938748,-654012.6784591583,34.78058526197526,0,
2019-11-28,4905.982493700981,4824.562238451735,11342.618437793788,157022.83808639107,32,201105.05318529185,7542.654058521161,6010.363886532587,1532.2901719885738,212.80945764129638,2774123.287109748,100084610.43622048,99382424.61214031,-702185.8240801692,35.82480456940435,0,
2019-11-29,4824.30090901288,4773.207526736128,11282.08908165047,173709.56769100856,36,0.0,0.0,0.0,0.0,223.7261215545268,2916429.7988357744,100084610.43622048,99350797.83005378,-733812.6061667054,34.06589723836801,0,
2019-12-02,4766.149790607069,4395.254012646502,10826.207723416974,181149.91478147724,38,0.0,0.0,0.0,0.0,218.82344087072033,2852519.8542075795,100084610.43622048,99105519.14720324,-979091.289017248,34.743147887654025,0,
2019-12-03,4392.156485527724,4252.53652643969,10648.989343519494,197686.57125711732,45,0.0,0.0,0.0,0.0,226.39805419664845,2951260.349349145,100084610.43622048,99006346.67303349,-1078263.763186997,33.547140866398934,0,
2019-12-04,4250.650709513235,4369.617592436934,10794.588264418344,195569.03862413633,46,0.0,0.0,0.0,0.0,248.0506205898464,3233517.01840333,100084610.43622048,99092786.25284295,-991824.1833775373,30.64551251435,0,
2019-12-05,4375.739599644981,4308.335261311843,10718.625858833266,196947.66364042097,45,201243.7647793524,5659.306792314547,4509.618617455847,1149.6881748587002,244.24129651250496,3183859.7581094527,100089120.05483794,99046031.16421664,-1043088.8906213113,31.108792060310243,0,
2019-12-06,4294.586190090442,4282.788421229081,10686.799859301918,197590.47493710916,46,0.0,0.0,0.0,0.0,257.90599862634645,3361988.910664828,100089120.05483794,99026311.93583627,-1062808.1190016703,29.454681311323533,0,
2019-12-09,4273.904154891192,4178.985290994348,10556.495998192264,196638.91104321985,46,0.0,0.0,0.0,0.0,266.4017253448119,3472736.7768163043,100089120.05483794,98940154.48921919,-1148965.5656187597,28.49054243032045,0,
2019-12-10,4175.825081708994,4383.2784592103735,10811.448819605228,192126.37134936542,46,0.0,0.0,0.0,0.0,294.892563957178,3844135.208727498,100089120.05483794,99119131.65721706,-969988.3976208884,25.784507119360114,0,
2019-12-11,4405.478062428181,4335.007423612797,10751.753250656746,132190.77474122,30,202611.46047352202,10469.621555237522,8342.71793629102,2126.9036189465023,286.32427114645907,3732441.3917306177,100097462.77277423,99075445.29806238,-1022017.4747118503,26.544407506992137,0,
2019-12-12,4343.293173800229,3844.726769136444,10125.514662325657,169422.3114649646,39,0.0,0.0,0.0,0.0,265.44414954037893,3460254.0922228,100097462.77277423,98633570.24294007,-1463892.5298341732,28.50471890622916,0,
2019-12-13,3843.869766628004,3677.006284906016,9902.196772980584,192231.92702906646,50,0.0,0.0,0.0,0.0,267.9681292561654,3493155.970660714,100097462.77277423,98473972.22621965,-1623490.5465545808,28.19054547043136,0,
2019-12-16,3682.242338784766,3299.1309364956073,9379.596205232729,195197.87572438372,53,0.0,0.0,0.0,0.0,253.84326909738047,3309028.3293050937,100097462.77277423,98094392.86587055,-2003069.906903682,29.644470552620103,0,
2019-12-17,3312.7064391297927,3073.224807153992,9052.77093072096,195488.7698446395,59,0.0,0.0,0.0,0.0,250.37099415214288,3263764.74519754,100097462.77277423,97853390.1409242,-2244072.631850029,29.981753520963903,0,
2019-12-18,3071.7881118854166,3039.4145005824744,9002.835850378811,196633.7580484988,64,0.0,0.0,0.0,0.0,262.5387955462038,3422380.7276558657,100097462.77277423,97815109.82653849,-2282352.946235747,28.581013513810962,0,
2019-12-19,3037.1871365199604,3131.7852678880613,9138.6144360263,194418.85273262492,64,0.0,0.0,0.0,0.0,285.8933839069359,3726824.468786793,100097462.77277423,97924848.82155289,-2172613.9512213524,26.275680446369595,0,
2019-12-20,3139.37636175641,3136.9150631250563,9146.09579820819,191540.25845875443,61,200879.90313497977,6445.674623724568,5136.235823914922,1309.438799809646,285.6397507891079,3723518.1799294422,100102599.00859815,97929287.09882116,-2173311.9097769917,26.300203830528055,0,
2019-12-23,3140.0154362528974,3058.8647409895802,9031.59600659755,191579.24979974903,61,0.0,0.0,0.0,0.0,292.8464918058671,3817463.196754996,100102599.00859815,97831360.01935516,-2271238.989242993,25.627322380610224,0,
2019-12-24,3062.971775626127,2998.0091459208597,8941.303627429816,193005.81530881888,63,0.0,0.0,0.0,0.0,301.50936911907957,3930389.990302247,100102599.00859815,97750979.48822448,-2351619.520373679,24.870554761591844,0,
2019-12-25,2994.96183511845,3075.359919544395,9055.915075491665,185724.77130409935,62,0.0,0.0,0.0,0.0,323.91544314237035,4222469.169534453,100102599.00859815,97857009.98070943,-2245589.027888714,23.17530479245598,0,
2019-12-26,3087.195153924932,3087.895303034708,9074.35258007932,163654.06742665303,53,191367.81832343712,5628.4201020218,4485.006558296071,1143.4135437257287,323.1038285301365,4211889.193339342,100107084.01515645,97872677.23803885,-2234406.7771175937,23.23723933497922,0,
2019-12-27,3098.4533778474124,3093.0130424090225,9081.869179721427,176647.16490580997,57,0.0,0.0,0.0,0.0,337.16384364757505,4395171.53326322,100107084.01515645,97878975.24921328,-2228108.7659431724,22.269659900291188,0,
2019-12-30,3096.5140101936345,3091.231487290349,9079.253254595114,170342.33221476202,55,0.0,0.0,0.0,0.0,350.0120956348874,4562657.675240554,100107084.01515645,97875769.04688022,-2231314.968276236,21.4514820119,0,
2019-12-31,3095.4620838785763,3095.7009443019233,9085.814502915224,157900.13999106296,51,0.0,0.0,0.0,0.0,362.6295604782863,4727135.341949037,100107084.01515645,97881983.94403715,-2225100.0711192945,20.706406071225285,0,
2020-01-01,3083.1493575088252,3152.933474022708,9169.417973565109,132601.93745735404,43,0.0,0.0,0.0,0.0,379.73412470695257,4950105.554215653,100107084.01515645,97971972.4847217,-2135111.5304347407,19.791895629636816,0,
2020-01-02,3156.954787131967,3193.4114378064683,9228.08963662067,123145.86094548635,39,400853.07131416665,10942.400967732166,8719.452211137377,2222.9487565947893,363.05150965265057,4732635.750829186,100115803.46736757,98029623.89143766,-2086179.5759299109,20.71353661102321,0,
2020-01-03,3192.1717006412246,3210.527535829834,9252.787019170435,118133.97499431005,37,826607.1159719839,25206.3043903602,20085.643653458526,5120.660736901675,310.32167524404576,4045264.695145591,100135889.11102104,98045294.9943196,-2090594.1167014362,24.237053044260904,0,
2020-01-06,3213.3136682628647,3139.589821062414,9149.994274770397,128558.25323986067,40,0.0,0.0,0.0,0.0,313.0988205114354,4081466.7673811386,100135889.11102104,97952625.71449478,-2183263.396526261,23.999368682192113,0,
2020-01-07,3143.8751063078544,3176.9974542487594,9204.343111450173,157225.1940664558,50,0.0,0.0,0.0,0.0,329.0150788235769,4288946.563235825,100135889.11102104,98002551.30120419,-2133337.809816854,22.850028522450394,0,
2020-01-08,3174.828888091887,3131.40917304041,9138.065693264134,117492.1625931717,37,0.0,0.0,0.0,0.0,333.18193601150415,4343264.523007048,100135889.11102104,97939043.91644622,-2196845.1945748134,22.549638272696864,0,
2020-01-09,3120.8219926084826,3209.604507401395,9251.456832883341,146707.9693793292,47,0.0,0.0,0.0,0.0,353.0740826881756,4602572.8636136,100135889.11102104,98051291.21359076,-2084597.8974302786,21.30358260892542,0,
2020-01-10,3211.9659711258364,3122.970415197581,9125.7444119335,86740.42583664166,27,542713.6846704424,12450.835563067734,9921.448318430525,2529.3872446372106,309.5248705210706,4034877.776435274,100145810.55933946,97936730.47313108,-2209080.086208393,24.27253956615658,0,
2020-01-13,3118.339776771816,3115.3980954569233,9114.674022998188,165305.06257054003,53,0.0,0.0,0.0,0.0,321.4408007531729,4190210.4383895616,100145810.55933946,97926436.63171406,-2219373.927625399,23.370290841371318,0,
2020-01-14,3113.3407233617145,3116.7633055495658,9116.670891722943,161926.0963583321,52,0.0,0.0,0.0,0.0,334.0145574243197,4354118.337852743,100145810.55933946,97928084.42026149,-2217726.1390779736,22.490910173230443,0,
2020-01-15,3112.995077349733,3029.061571474403,8987.489929859028,168135.35452372095,54,0.0,0.0,0.0,0.0,337.1635987010086,4395168.340209359,100145810.55933946,97800661.90449569,-2345148.654843781,22.25185802549648,0,
2020-01-16,3026.9922725736064,3147.9021137551554,9162.098906189789,178628.26259065914,59,0.0,0.0,0.0,0.0,364.63918183443275,4753332.1917702835,100145810.55933946,97979832.85428412,-2165977.705055348,20.612873012309603,0,
2020-01-17,3133.3618219488767,3252.6341775185624,9313.265345757898,78349.71235783167,25,184831.3738254847,6188.863743614821,4931.596074099471,1257.267669515351,368.28730216024087,4800888.0460174,100150742.15541357,98132244.8150272,-2018497.340386356,20.44043599317699,0,
2020-01-20,3260.550745155095,3221.5620204588363,9268.674152518739,6522.405710608252,2,1131184.826347104,40920.92425715242,32607.83849431191,8313.085762840514,279.5080166134012,3643586.645138944,100183349.99390788,98091013.24100581,-2092336.752902081,26.92155362131239,0,
2020-01-21,3223.194360821409,3278.6908351570555,9350.494938995911,29014.55099724216,9,0.0,0.0,0.0,0.0,286.7282505704443,3737707.552079043,100183349.99390788,98155832.86869809,-2027517.1252097944,26.260971866057417,0,
2020-01-22,3285.97870431212,3308.103553495173,9392.342346820164,9859.907700158947,3,249684.43465141556,5200.143288915593,4143.734179772391,1056.4091091432028,270.7750733266312,3529746.49157935,100187493.72808765,98186369.15096718,-2001124.5771204731,27.816833130991984,0,
2020-01-23,3321.2025970802783,3125.132781721388,9128.903229810085,3321.8668375996945,1,6641.076713121724,117.16615879043086,93.36385363215483,23.802305158276027,255.5588034762277,3331391.5453149998,100187587.09194128,97991054.05346972,-2196533.038471569,29.41445120471547,0,
2020-01-24,3125.273994737312,3144.2818855277355,9156.828978822652,115658.26483284161,37,0.0,0.0,0.0,0.0,266.04931987022974,3468142.9197370918,100187587.09194128,98011881.11373909,-2175705.978202188,28.260623446616506,0,
2020-01-27,3132.9471501896196,3141.925910015268,9153.397780810166,122209.37584516664,39,0.0,0.0,0.0,0.0,275.24992574972384,3588079.389237435,100187587.09194128,98009332.95746852,-2178254.1344727604,27.315263216151465,0,
2020-01-28,3136.3088575036086,3149.572536134834,9164.529500394201,109792.76417462883,35,0.0,0.0,0.0,0.0,284.37619863250075,3707046.8750306983,100187587.09194128,98018223.30288853,-2169363.7890527574,26.44105310971468,0,
2020-01-29,3141.9700697212934,3077.6782339636584,9059.327766030116,116276.14315820379,37,0.0,0.0,0.0,0.0,286.6203795312067,3736301.3760318807,100187587.09194128,97930915.04035197,-2256672.0515893116,26.210657327744528,0,
2020-01-30,3074.5890166328873,3061.331210766548,9035.236518972517,172211.42032842798,56,0.0,0.0,0.0,0.0,298.24914480781445,3887890.6376735154,100187587.09194128,97909994.63252036,-2277592.459420913,25.183320148919872,0,
2020-01-31,3061.818868448803,3051.1792790760105,9020.24283350289,140871.83668223466,46,0.0,0.0,0.0,0.0,308.02699746682265,4015351.931264029,100187587.09194128,97896276.06243119,-2291311.0295100994,24.380497086743162,0,
2020-02-03,3038.961214472068,3133.862400401181,9141.644491594396,145899.3123223182,48,0.0,0.0,0.0,0.0,327.91362409893554,4274588.314147212,100187587.09194128,98009285.21936795,-2178301.872573335,22.9283566080494,0,
2020-02-04,3136.008942544465,3158.8992644276996,9178.088783514355,53322.814453660554,17,470307.2611133934,11251.605321669505,8965.841700572346,2285.76362109716,298.30394478436574,3888604.9945104984,100196552.93364185,98037702.27882507,-2158850.654816769,25.211535349366635,0,
2020-02-05,3149.357135385523,3160.40891342667,9180.281641905722,53549.779115814206,17,0.0,0.0,0.0,0.0,302.56802485144726,3944190.323956485,100196552.93364185,98039435.26113041,-2157117.67251145,24.8566694831261,0,
2020-02-06,3162.288505080863,3270.4865378157647,9338.788697778407,34792.13059060067,11,0.0,0.0,0.0,0.0,315.8662778933649,4117542.551110046,100196552.93364185,98177679.49141547,-2018873.44222638,23.843755898757575,0,
2020-02-07,3269.770359183142,3232.718123675946,9284.708753178991,3270.4243132549786,1,630939.4661864819,25011.68305297441,19930.559640762665,5081.123412211752,264.60462099436336,3449310.237962234,100216483.49328262,98131770.49210767,-2084713.001174935,28.44967942056771,0,
2020-02-10,3230.6903608937682,3207.063885009746,9247.79452627814,12925.345995863787,4,0.0,0.0,0.0,0.0,263.48885420183433,3434765.420845438,100216483.49328262,98104036.84014082,-2112446.653141797,28.562077702527166,0,
2020-02-11,3206.595377516226,3083.259235237601,9067.538049162114,32072.366965917296,10,0.0,0.0,0.0,0.0,255.68243981417618,3333003.233291847,100216483.49328262,97969946.6031815,-2246536.890101121,29.393894858728142,0,
2020-02-12,3079.930684133635,3193.4682738571496,9228.171756611599,141705.14683244124,46,0.0,0.0,0.0,0.0,276.0906434241988,3599038.7446370083,100216483.49328262,98094000.87705079,-2122482.6162318243,27.255611244314167,0,
2020-02-13,3189.5564576108404,3263.900235306022,9329.380451464105,31901.943689023625,10,146690.25313068865,4973.837292393361,3963.40224644365,1010.4350459497113,273.166094214077,3560915.1567188697,100220446.89552906,98169381.99743415,-2051064.898094904,27.56858214164537,0,
2020-02-14,3252.9155373457825,3332.4025437277965,9426.773988631596,22774.96284317276,7,65045.299084766266,1061.1657782244745,845.5899503781725,215.575827846302,275.5759955613066,3592329.9421385634,100221292.48547944,98242575.96727204,-1978716.5182074017,27.34787103346829,0,
2020-02-17,3332.205083449061,3383.8336890425253,9499.240234941635,6665.743048931501,2,39978.46370918846,999.5254056907017,796.4718195246357,203.05358616606605,277.2333222934867,3613934.3798974166,100222088.95729896,98297012.83878268,-1925076.1185162768,27.199445951637035,0,
2020-02-18,3396.323647331067,3394.0794082725038,9513.610472402162,3397.002912060533,1,213925.59610390087,4594.683437704962,3661.273497335198,933.4099403697629,261.92994184170675,3414443.8847221383,100225750.2307963,98306855.59691705,-1918894.6338792613,28.791469098903377,0,
2020-02-19,3407.5233232947476,3412.254852593773,9539.049362270538,0.0,0,6813.683637260177,146.90068933292386,117.05781429494039,29.842875037983482,262.8090641537492,3425903.872004148,100225867.28861059,98324836.61589712,-1901030.6727134783,28.70040733465684,0,
2020-02-20,3421.275609609882,3395.425806776573,9515.497263974627,3421.959864731804,1,0.0,0.0,0.0,0.0,261.7733758977811,3412402.9358104556,100225867.28861059,98307651.9464628,-1918215.3421478,28.808922567379764,0,
2020-02-21,3400.218800716564,3382.2797538170103,9497.05884832002,10202.696533430122,3,0.0,0.0,0.0,0.0,261.53825690884696,3409337.991847546,100225867.28861059,98294122.76770954,-1931744.5209010493,28.830853087242083,0,
2020-02-24,3377.7036637619394,3388.3553120204183,9505.58476127996,20270.27522696815,6,0.0,0.0,0.0,0.0,263.5676274489815,3435792.286388704,100225867.28861059,98300043.21939628,-1925824.0692143077,28.610589647349602,0,
2020-02-25,3398.1324166147665,3505.050380308884,9667.88550519555,23791.684301686626,7,0.0,0.0,0.0,0.0,274.5270692391059,3578656.4382953714,100225867.28861059,98418841.15993203,-1807026.1286785668,27.501617676049417,0,
2020-02-26,3504.656920496806,3550.292619302775,9730.080670172987,3505.3578518809054,1,63071.207804028716,1977.5495152945039,1575.8103312624253,401.73918403207847,273.44061948997114,3564493.7897799867,100227443.09894186,98463569.18156527,-1763873.917376589,27.62343687170312,0,
2020-02-27,3549.80356287485,3547.8575181929277,9726.743227744735,0.0,0,0.0,0.0,0.0,0.0,273.25307000395696,3562048.9482657,100227443.09894186,98460851.08698098,-1766592.0119608787,27.641633373656997,0,
2020-02-28,3545.791053454532,3505.023692828352,9667.848699448225,3546.500211665223,1,0.0,0.0,0.0,0.0,270.22292251009276,3522548.8112924933,100227443.09894186,98417534.2268736,-1809908.87206826,27.939296089061788,0,
2020-03-02,3505.6683500981453,3458.4735232257985,9603.43483444099,7012.73896753633,2,0.0,0.0,0.0,0.0,267.16471085171725,3482682.8378883796,100227443.09894186,98370388.3497911,-1857054.7491507628,28.24557759885911,0,
2020-03-03,3455.4631647976876,3584.743142724718,9777.174974022872,13824.617029722589,4,0.0,0.0,0.0,0.0,278.01892844999384,3624175.3172946894,100227443.09894186,98497778.19323924,-1729664.9057026247,27.17798383626875,0,
2020-03-04,3584.142467610432,3627.1018624663398,9834.770781896024,3584.859296103954,1,25083.97947381837,737.7313498862886,587.8612261568891,149.87012372939952,279.6346476980834,3645237.371778671,100228030.96016802,98539909.86312951,-1688121.0970385133,27.03250839740172,0,
2020-03-05,3619.2339595717517,3634.676302031518,9845.03435176877,3619.957806363666,1,3618.5101127798375,70.92247760175178,56.51457627695591,14.407901324795874,280.2186058607258,3652849.6835416756,100228087.47474429,98547226.10069174,-1680861.374052555,26.97817721454768,0,
2020-03-06,3631.9600088064185,3609.2646594675275,9810.55847471492,3632.6864008081798,1,0.0,0.0,0.0,0.0,278.5363477476312,3630920.247424333,100228087.47474429,98521385.44182584,-1706702.0329184537,27.133998746382268,0,
2020-03-09,3625.7269232093477,3524.381222363486,9694.508716950348,3626.452068593989,1,0.0,0.0,0.0,0.0,272.25603546785715,3549051.8909200314,100228087.47474429,98435618.37721747,-1792469.0975268183,27.73575067444272,0,
2020-03-10,3523.8906705928102,3521.312983850379,9690.287899198014,17622.977243634643,5,0.0,0.0,0.0,0.0,273.36965674076055,3563568.739656584,100228087.47474429,98432238.87905365,-1795848.5956906404,27.621815676983246,0,
2020-03-11,3519.632186759451,3591.8033547132923,9786.798393364117,49284.70558475524,14,0.0,0.0,0.0,0.0,282.69952540877057,3685190.241935837,100228087.47474429,98504292.97622274,-1723794.49852155,26.72977146614777,0,
2020-03-12,3595.6277221565974,3563.0559307746094,9747.554812395581,28770.77478160823,8,68303.26333563116,1388.9946902482652,1106.8204189243302,282.17427132393505,277.43027274688575,3616501.7697362285,100229194.29516321,98474577.38803308,-1754616.9071301317,27.229235227283013,0,
2020-03-13,3568.102086087672,3547.415277083069,9726.136988661798,49963.41989106845,14,0.0,0.0,0.0,0.0,280.0222711323877,3650290.320118478,100229194.29516321,98458122.49625313,-1771071.7989100826,26.972682680499084,0,
2020-03-16,3539.5132757507363,3532.3256967251923,9705.428991686653,60183.76003290007,17,0.0,0.0,0.0,0.0,283.43768494709,3694812.6787745524,100229194.29516321,98442177.65719135,-1787016.6379718566,26.643347367163788,0,
2020-03-17,3530.8621921415956,3542.977827333471,9720.051889207822,52973.52546870036,15,0.0,0.0,0.0,0.0,288.3692747792338,3759099.4748008125,100229194.29516321,98453202.55847414,-1775991.736689075,26.190635075889016,0,
2020-03-18,3549.4846892210867,3423.0135853036595,9554.075689189629,49702.72420622503,14,0.0,0.0,0.0,0.0,282.2813942949033,3679739.604201433,100229194.29516321,98323857.68227424,-1905336.6128889734,26.720330310875955,0,
2020-03-19,3424.860901043939,3407.3762419768473,9532.227780152754,154149.56429508666,45,0.0,0.0,0.0,0.0,292.75429848874774,3816261.3910140707,100229194.29516321,98305937.1504933,-1923257.1446699144,25.75974941914843,0,
2020-03-20,3408.2073285977294,3345.933952828594,9445.893573863857,156808.89262291865,46,0.0,0.0,0.0,0.0,299.2823334025925,3901358.9889981397,100229194.29516321,98233926.57352105,-1995267.7216421636,25.179412315180794,0,
2020-03-23,3356.333233789981,3413.734092432249,9541.116765427758,177921.23852314716,53,0.0,0.0,0.0,0.0,319.22622477509503,4161341.8586749104,100229194.29516321,98315668.9784499,-1913525.316713315,23.625953434586698,0,
2020-03-24,3409.1066204792414,3358.362698373899,9463.421084539354,122752.38390492013,36,180646.51435522272,2711.3964309983908,2160.576246041068,550.820184957323,309.66864377113234,4036751.9634454274,100231354.87140925,98248112.72484198,-1983242.1465672667,24.33840711902095,0,
2020-03-25,3358.918479829045,3403.3103540744128,9526.538866520079,171339.10343977553,51,0.0,0.0,0.0,0.0,327.12805606122856,4264347.873655238,100231354.87140925,98304042.40355596,-1927312.4678532912,23.052538234713353,0,
2020-03-26,3399.7705119940356,3521.497113273954,9690.54124841876,102013.51398289303,30,173353.61845247349,2001.200143696263,1594.6563345043671,406.54380919189583,332.81524498492945,4338484.44355351,100232949.52774376,98448779.71886964,-1784169.80887412,22.69197481280663,0,
2020-03-27,3531.993345527115,3499.384506381693,9660.068331548098,17663.4987209811,5,554412.0506567075,18520.4576620433,14758.026687999201,3762.430974044096,289.9216095150259,3779335.2668922287,100247707.55443177,98422326.74156053,-1825380.8128712343,26.042232242204285,0,
2020-03-30,3485.7238863019966,3455.44905115484,9599.234762771235,31377.78927971331,9,0.0,0.0,0.0,0.0,288.6672670351072,3762984.0167076206,100247707.55443177,98374309.03482917,-1873398.51960259,26.14263270799131,0,
2020-03-31,3450.817770183243,3472.1150399159746,9622.355969187553,72481.66660848288,21,0.0,0.0,0.0,0.0,295.652973809847,3854047.6943067303,100247707.55443177,98392595.39284599,-1855112.1615857726,25.529677678403754,0,
2020-04-01,3468.440452195531,3474.0438541047065,9625.028282700896,52037.012104289555,15,0.0,0.0,0.0,0.0,299.8147435734245,3908299.335867796,100247707.55443177,98394510.2075592,-1853197.3468725719,25.175786640639117,0,
2020-04-02,3478.6541856043746,3400.9667573995594,9523.258206306718,59148.94857950542,17,0.0,0.0,0.0,0.0,297.94332338251115,3883904.0369502963,100247707.55443177,98310668.0167388,-1937039.5376929583,25.312331891169464,0,
2020-04-03,3405.090602879709,3437.6907720017525,9574.536747020544,149853.95132401254,44,0.0,0.0,0.0,0.0,312.763931936006,4077101.255594078,100247707.55443177,98353698.52012664,-1894009.034305125,24.123437794236345,0,
2020-04-06,3447.2832648688973,3595.709438144263,9792.118515274431,99991.20892413426,29,0.0,0.0,0.0,0.0,335.1398221525196,4368786.96734528,100247707.55443177,98545057.88313155,-1702649.6713002108,22.556617802541435,0,
2020-04-07,3584.3899086499805,3577.4950472928094,9767.285596715612,7170.213573263421,2,616391.761274939,20435.68431146803,16284.175043593299,4151.5092678747305,286.7876851610672,3738482.3244209858,100263991.72947535,98519536.49095589,-1744455.238519458,26.3528159133973,0,
2020-04-08,3582.8646885486564,3563.700857954092,9748.43694541724,21501.487568918197,6,0.0,0.0,0.0,0.0,287.32216122706086,3745449.60170975,100263991.72947535,98504714.95851451,-1759276.770960838,26.299837251460644,0,
2020-04-09,3561.6105345461224,3484.8014408066724,9639.919004924848,24936.25999657122,7,0.0,0.0,0.0,0.0,282.83221337659415,3686919.9243734586,100263991.72947535,98420966.18896827,-1843025.5405070772,26.694630805059745,0,
2020-04-10,3480.1622972350033,3511.456866864251,9676.71689071488,45251.15828602785,13,0.0,0.0,0.0,0.0,288.49744800965345,3760770.304411612,100263991.72947535,98449276.91327238,-1814714.8162029611,26.177955297558427,0,
2020-04-13,3515.246210127561,3418.4852247035865,9547.753976307498,35159.49259369586,10,0.0,0.0,0.0,0.0,283.48139940088004,3695382.5279045785,100263991.72947535,98348446.16277225,-1915545.5667030935,26.61387432021538,0,
2020-04-14,3412.1942575670932,3338.244445446747,9435.03322085195,143340.82124958147,42,0.0,0.0,0.0,0.0,287.5828995688571,3748848.5122366967,100263991.72947535,98258283.74295522,-2005707.9865201248,26.210257208907816,0,
2020-04-15,3324.3779569032317,3435.621131545533,9571.654167795705,179552.31295470908,54,0.0,0.0,0.0,0.0,310.2036438663563,4043726.0718290913,100263991.72947535,98373298.78594905,-1890692.9435263048,24.32738940238156,0,
2020-04-16,3433.07727061787,3369.8821261289086,9479.637301259872,92711.62492394382,27,185349.09537884232,5782.550481254072,4607.8253509873075,1174.7251302667648,297.28823140094755,3875364.445048244,100268599.55482633,98296102.61626142,-1972496.9385649087,25.3643506333603,0,
2020-04-17,3359.787503684939,3453.083613543261,9595.94860837046,134418.37844742704,40,0.0,0.0,0.0,0.0,315.2239616527586,4109169.500116481,100268599.55482633,98395174.06892058,-1873425.4859057516,23.945270222153507,0,
2020-04-20,3448.6020923666447,3572.9926035759627,9761.137370308117,51739.37719177677,15,137916.49487792686,3487.520667082924,2779.0308435650277,708.489823517896,319.31785953056533,4162536.3831659965,100271378.5856699,98533690.2619732,-1737688.3236967002,23.671550514359506,0,
2020-04-21,3575.6477284213747,3595.592144696297,9791.958802604373,3576.362857967059,1,382517.7880796989,14194.522723111259,11310.905431911207,2883.617291200052,292.09999527272885,3807732.081233379,100282689.49110182,98554651.66797584,-1728037.8231259708,25.882769471546585,0,
2020-04-22,3597.835792365252,3641.8190720212065,9854.703204759586,3598.555359523725,1,0.0,0.0,0.0,0.0,296.1347672811098,3860328.216342478,100282689.49110182,98603353.11295815,-1679336.3781436752,25.542738230269258,0,
2020-04-23,3653.3774733785467,3803.9226957316764,10071.640310934696,3654.1081488732225,1,164369.1059047742,3675.6702827848776,2928.9578648371294,746.7124179477478,296.4766927347373,3864785.458863383,100285618.44896665,98767482.16412427,-1518136.2848423887,25.555747716244866,0,
2020-04-24,3802.4037532852585,3789.7679783745457,10052.884134581538,0.0,0,250908.45598728367,7440.240425047388,5928.755582699011,1511.4848423483768,276.1858307527509,3600279.579455818,100291547.20454936,98752097.07003088,-1539450.13451847,27.429007911923676,0,
2020-04-27,3778.146036450369,3742.8923578800827,9990.518649039308,0.0,0,0.0,0.0,0.0,0.0,272.769689642766,3555747.7399860783,100291547.20454936,98707292.4608715,-1584254.7436778524,27.759925528704116,0,
2020-04-28,3737.2323795870448,3635.2852709105327,9845.859056355328,3737.9798260629623,1,0.0,0.0,0.0,0.0,265.20651011999144,3457156.292635917,100291547.20454936,98604697.82718515,-1686849.3773641975,28.521909187971296,0,
2020-04-29,3628.60082305035,3640.8062071451104,9853.332711517945,18146.632716074797,5,0.0,0.0,0.0,0.0,267.0057549393314,3480610.7340307254,100291547.20454936,98609738.63010895,-1681808.5744404027,28.331159720326962,0,
2020-04-30,3631.938476352846,3763.488482772546,10017.968500346493,25428.654048336815,7,0.0,0.0,0.0,0.0,278.0238450670731,3624239.4089099616,100291547.20454936,98727660.62709479,-1563886.5774545704,27.240932368976267,0,
2020-05-01,3766.7654816209815,3846.0914069229843,10127.311465435741,7535.037669434611,2,45192.14554229589,1611.9978326809573,1284.5204729718207,327.47735970913646,281.1756249378741,3665325.1107976036,100292831.72502233,98805794.78387065,-1487036.9411516855,26.956897900489306,0,
2020-05-04,3841.1281618219505,3769.4586852021457,10025.911343716201,0.0,0,11521.079808568758,246.3303132983503,196.28831015179043,50.042003146559864,274.7057562366317,3580985.750942038,100293028.01333247,98732651.75606425,-1560376.2572682172,27.57136124601752,0,
2020-05-05,3754.5514349266587,3701.4074820833557,9934.998717776607,3755.302345213644,1,0.0,0.0,0.0,0.0,270.03035187105706,3520038.5154612726,100293028.01333247,98667679.1878864,-1625348.825446069,28.030283974025437,0,
2020-05-06,3706.5666726391555,3662.7761866848637,9883.017335051563,3707.307985973683,1,0.0,0.0,0.0,0.0,267.4930466637743,3486962.9297239906,100293028.01333247,98630628.80111648,-1662399.2122159882,28.285539820442988,0,
2020-05-07,3661.959925520018,3688.6158476691494,9917.81675930632,7325.384635010243,2,0.0,0.0,0.0,0.0,269.9460452683488,3518939.518676368,100293028.01333247,98655010.05938858,-1638017.953943888,28.035437817498263,0,
2020-05-08,3691.2483189490904,3674.1963454944735,9898.412459237388,14767.94627445152,4,0.0,0.0,0.0,0.0,270.0181993740989,3519880.0989837055,100293028.01333247,98640912.6752221,-1652115.338110377,28.023941129046605,0,
2020-05-11,3674.9732289208273,3693.7877203239364,9924.767295776006,29405.66578853289,8,0.0,0.0,0.0,0.0,273.7248500254791,3568198.9378329227,100293028.01333247,98659552.12343276,-1633475.889899718,27.649678126789574,0,
2020-05-12,3698.4541173249,3720.212090998687,9960.203600326902,18495.969040741824,5,0.0,0.0,0.0,0.0,277.10993515091104,3612325.9403597256,100293028.01333247,98684906.04698366,-1608121.966348809,27.318937348482,0,
2020-05-13,3720.4949666033513,3698.057424828878,9930.501732646917,7442.478131193344,2,7439.501735220061,111.84997288858185,89.12765089626645,22.7223219923154,275.45968566096417,3590813.7595088393,100293117.14098337,98663092.70772916,-1630024.4332542154,27.476527415675424,0,
2020-05-14,3707.200520374115,3697.007966276361,9929.09256179551,7415.883920956379,2,0.0,0.0,0.0,0.0,275.9487261184404,3597188.751186899,100293117.14098337,98661775.86676013,-1631341.2742232315,27.427467028024733,0,
2020-05-15,3700.1502957965135,3716.078208108772,9954.668195520158,11102.670977567019,3,0.0,0.0,0.0,0.0,278.2273569073732,3626892.3311141613,100293117.14098337,98680098.54835293,-1613018.5926304439,27.2078930222996,0,
2020-05-18,3718.992116011529,3711.4459089654288,9948.461735652641,7439.471828869463,2,0.0,0.0,0.0,0.0,278.4499582770295,3629794.0989681906,100293117.14098337,98675282.3944198,-1617834.7465635627,27.184815365276325,0,
2020-05-19,3714.488306755135,3755.0402064337736,10006.718018656298,14860.924817665944,4,0.0,0.0,0.0,0.0,282.87283703040157,3687449.482717965,100293117.14098337,98717793.98051488,-1575323.1604684829,26.771293937226076,0,
2020-05-20,3744.100739854665,3915.1680752166603,10217.85114423662,11234.548680007907,3,74867.03839413388,1058.6062285464614,843.5503732172479,215.0558553292136,289.829702444782,3778137.192584078,100293960.69135658,98871609.29453735,-1422351.396819237,26.16940684118291,0,
2020-05-21,3913.878921937658,3968.870914641294,10287.689620306779,0.0,0,254351.24949996255,4759.388391001583,3792.5186393696113,966.8697516319716,274.01519739441574,3571983.8231771635,100297753.20999596,98918566.28968138,-1379186.9203145823,27.692893133456725,0,
2020-05-22,3966.812527295174,3976.131977966687,10297.096002228574,0.0,0,0.0,0.0,0.0,0.0,274.5165091636736,3578518.7801700183,100297753.20999596,98924826.73016506,-1372926.479830893,27.644070859246703,0,
2020-05-25,3977.782444276544,3833.6404933197136,10110.905654549071,0.0,0,0.0,0.0,0.0,0.0,264.67874090864643,3450276.4439877425,100297753.20999596,98796319.71524188,-1501433.4947540772,28.63431997960592,0,
2020-05-26,3823.223003387147,3868.8214588889687,10157.193127879334,3823.9876479878244,1,0.0,0.0,0.0,0.0,267.40445962975355,3485808.13445896,100297753.20999596,98827760.01360548,-1469993.1963904765,28.351462903721966,0,
2020-05-27,3881.4656555192305,3708.85425588768,9944.987690138425,3882.241948650334,1,0.0,0.0,0.0,0.0,256.63239201835677,3345386.5388106876,100297753.20999596,98683199.54361653,-1614553.6663794185,29.49829515924914,0,
2020-05-28,3709.628580570327,3597.806136321652,9794.973045832101,55655.55759429662,15,0.0,0.0,0.0,0.0,253.08841193481203,3299188.2270069546,100297753.20999596,98581092.58580658,-1716660.6241893822,29.880408695335337,0,
2020-05-29,3589.089964960078,3668.2925797156167,9890.456787180414,147182.11910107586,41,0.0,0.0,0.0,0.0,269.5843292008358,3514224.291367561,100297753.20999596,98648676.9467369,-1649076.2632590525,28.071252364016797,0,
2020-06-01,3655.7551849794786,3727.968652032415,9970.581597255552,84099.18572837891,23,149855.9853916418,2662.3287566439744,2121.476669731751,540.8520869122234,268.8222874561761,3504290.53291047,100299874.6866657,98703690.31356871,-1596184.373096981,28.16652597340178,0,
2020-06-02,3725.8713916060033,3717.921702478942,9957.137075122135,22359.699395305946,6,85677.9029985367,1572.1397035498105,1252.7595227736665,319.380180776144,263.2492287092173,3431641.7313880627,100301127.44618846,98693777.08624005,-1607350.3599484158,28.759930322423102,0,
2020-06-03,3717.2548901511454,3582.799885638728,9774.52455537861,37179.98341129175,10,0.0,0.0,0.0,0.0,256.43031291077205,3342752.293300933,100301127.44618846,98567451.23442872,-1733676.2117597486,29.48691455001423,0,
2020-06-04,3577.6528920317596,3555.7816707069915,9737.59952720312,89459.21056525415,25,0.0,0.0,0.0,0.0,261.3158562603712,3406438.840537298,100301127.44618846,98541417.25524357,-1759710.1909448986,28.927986635949882,0,
2020-06-05,3556.436744028893,3505.1828074829664,9668.06813861379,71142.96062755397,20,0.0,0.0,0.0,0.0,262.9751397263535,3428068.7857183404,100301127.44618846,98491641.26465733,-1809486.1815311352,28.73094077778802,0,
2020-06-08,3500.6879309311607,3556.7712167626028,9738.954381606001,122548.58239810713,35,0.0,0.0,0.0,0.0,276.39522956781,3603009.2425805177,100301127.44618846,98543756.74389184,-1757370.7022966347,27.350403540267813,0,
2020-06-09,3560.69546114492,3740.140746436194,9986.845676770612,71228.15200474298,20,124599.4162718442,2041.2841866345243,1626.5973041197208,414.6868825148036,286.34107676275744,3732660.4649433214,100302754.04349259,98726078.20256247,-1576675.8409301254,26.44925225044855,0,
2020-06-10,3734.720969681288,3760.288616601247,10013.708758964713,3735.467913875224,1,242708.31165667786,10828.141430637575,8628.404499003553,2199.7369316340237,269.42210383934435,3512109.567905565,100311382.4479916,98742030.99023204,-1569351.4577595573,28.11473534099237,0,
2020-06-11,3759.99907268485,3698.587053831401,9931.212821310935,0.0,0,0.0,0.0,0.0,0.0,265.0012291282037,3454480.308278527,100311382.4479916,98684136.72937587,-1627245.7186157221,28.56699935237239,0,
2020-06-12,3705.827697620162,3606.7198688428766,9807.099290946162,3706.568863159686,1,0.0,0.0,0.0,0.0,258.695688126827,3372283.0773680904,100311382.4479916,98597974.23391415,-1713408.2140774466,29.23775139033265,0,
2020-06-15,3625.2704473550316,3604.4336657984777,9803.990569556838,10877.986504333508,3,0.0,0.0,0.0,0.0,259.3612213658489,3380958.7785189725,100311382.4479916,98595512.58733933,-1715869.8606522642,29.16199783734987,0,
2020-06-16,3597.169699705217,3592.596540040901,9787.878953128236,14391.556534580634,4,0.0,0.0,0.0,0.0,259.61185298665805,3384225.940718529,100311382.4479916,98584128.58115132,-1727253.8668402743,29.130480738594017,0,
2020-06-17,3589.2589620256267,3504.8292029759205,9667.580466660616,43079.72176581638,12,0.0,0.0,0.0,0.0,256.4958840271138,3343607.059639029,100311382.4479916,98500173.48242198,-1811208.9655696184,29.4592551473605,0,
2020-06-18,3498.9422416172188,3515.9213308210674,9682.866422461298,122487.47105229399,35,0.0,0.0,0.0,0.0,266.7476534057496,3477246.1961820363,100311382.4479916,98511058.40025929,-1800324.0477323108,28.330193734462327,0,
2020-06-19,3521.4366041748185,3430.0728755888517,9563.922313345227,91575.66317888699,26,0.0,0.0,0.0,0.0,267.07581129926984,3481523.968722684,100311382.4479916,98423493.43380974,-1887889.014181848,28.270232897439957,0,
2020-06-22,3422.1967470148033,3517.138973363062,9684.542974400754,130069.48508183984,38,0.0,0.0,0.0,0.0,284.1077410702346,3703547.338951305,100311382.4479916,98515163.21121545,-1796219.2367761387,26.600217087845017,0,
2020-06-23,3513.7318712789056,3602.49327015208,9801.35129479887,45687.650029491095,13,133495.1067463767,3415.368963529572,2721.536758588539,693.8322049410325,284.09360626865964,3703363.0817163396,100314103.98475018,98601808.48488617,-1712295.4998640174,26.624936931430643,0,
2020-06-24,3602.279993304778,3691.713482311314,9921.980289319015,10809.001347910316,3,266515.4057606527,6702.222029301249,5340.6656240487,1361.5564052525488,271.0223410192266,3532969.8025719277,100319444.65037423,98685489.03140822,-1633955.6189660064,27.932729274834802,0,
2020-06-25,3684.4874807932215,3655.6049710787693,9873.337795738946,0.0,0,81042.51283253539,1849.6480517788618,1473.892050059986,375.7560017188757,262.2020223091895,3417990.6479586493,100320918.54242429,98650914.43160346,-1670004.1108208373,28.86225405283699,0,
2020-06-26,3648.605766711562,3699.438497350542,9932.355876763635,3649.3354878649043,1,0.0,0.0,0.0,0.0,265.62981955772557,3462674.4335201075,100320918.54242429,98691683.25185749,-1629235.290566801,28.50157736357815,0,
2020-06-29,3695.919422105464,3690.919158751668,9920.912805787806,0.0,0,0.0,0.0,0.0,0.0,265.018107705655,3454700.332591562,100320918.54242429,98683444.13282123,-1637474.409603053,28.56497948659799,0,
2020-06-30,3675.4140485019198,3661.678526922624,9881.536354127158,0.0,0,0.0,0.0,0.0,0.0,262.918550228962,3427331.1011995752,100320918.54242429,98655811.98287903,-1665106.5595452678,28.785025160933305,0,
2020-07-01,3651.09277382544,3636.640993932046,9847.694815108825,3651.822992380205,1,0.0,0.0,0.0,0.0,261.3997619638758,3407532.611314328,100320918.54242429,98632100.27023943,-1688818.2721848602,28.945313668530318,0,
2020-07-02,3633.636880540926,3536.2495477059615,9710.818088030772,14537.454431668137,4,0.0,0.0,0.0,0.0,255.2687755697698,3327610.8243913106,100320918.54242429,98537385.76010917,-1783532.782315115,29.61205229825327,0,
2020-07-03,3537.2979087474023,3427.7419282311835,9560.672121744277,56608.08589326643,16,0.0,0.0,0.0,0.0,251.64321290106454,3280349.0253172414,100320918.54242429,98433264.23192894,-1887654.3104953505,30.006948490003893,0,
2020-07-06,3426.468453646302,3490.261423378069,9647.467955725404,143940.4573881553,42,0.0,0.0,0.0,0.0,267.47833571161027,3486771.161954692,100320918.54242429,98495478.43284252,-1825440.1095817687,28.248334593207353,0,
2020-07-07,3477.878194374313,3477.6941059721257,9630.083566230876,76528.62294029012,22,146041.66998688842,2089.9672632977868,1665.3904137588413,424.5768495389454,261.17959132303804,3404662.5297467113,100322583.93283805,98482197.09124029,-1840386.8415977713,28.92568535964909,0,
2020-07-08,3474.468292265557,3496.389300806598,9655.933306600105,97304.56920587228,28,0.0,0.0,0.0,0.0,270.0936787001265,3520864.0259122434,100322583.93283805,98500823.92452124,-1821760.008316811,27.97632149369927,0,
2020-07-09,3501.972598453852,3576.4419454331824,9765.84790028759,70053.45985947085,20,0.0,0.0,0.0,0.0,281.76483447360806,3673005.8779598773,100322583.93283805,98582630.55187494,-1739953.3809631208,26.83976934080796,0,
2020-07-10,3580.417986899393,3444.7093123117465,9584.305660556736,10743.402211490318,3,250579.1332311409,6653.996209607772,5302.2368796259525,1351.7593299818186,253.68160634230298,3306920.9398192773,100327886.16971767,98454775.90381765,-1873110.2659000217,29.772340402307346,0,
2020-07-13,3444.1667853278873,3387.826819696565,9504.843424551596,10334.566856054858,3,0.0,0.0,0.0,0.0,250.27222566111595,3262477.2273677913,100327886.16971767,98399747.35228445,-1928138.8174332222,30.161052627997844,1,
2020-07-14,3381.814308772868,3402.9613105899502,9526.050333116309,16912.453358173112,5,0.0,0.0,0.0,0.0,252.69551606088498,3294066.5486510736,100327886.16971767,98414171.52469349,-1913714.6450241765,29.876194081444492,1,
2020-07-15,3407.257320367873,3434.5025995135356,9570.095923606388,13631.755087327787,4,0.0,0.0,0.0,0.0,256.0915691735572,3338336.5267271567,100327886.16971767,98444553.65611307,-1883332.5136045928,29.48910418945279,1,
2020-07-16,3430.525933331737,3408.1733512323053,9533.3426823716,10293.636115555211,3,0.0,0.0,0.0,0.0,254.9126917496833,3322969.0174514977,100327886.16971767,98418637.59803012,-1909248.5716875568,29.617681381065314,1,
2020-07-17,3400.20334873974,3488.313622683122,9644.775611950921,13603.533557637951,4,0.0,0.0,0.0,0.0,261.9771315753969,3415059.036606778,100327886.16971767,98496862.10649617,-1831024.063221492,28.841920754717965,1,
2020-07-20,3482.7170683390345,3506.6006955870375,9670.023365138319,3483.4136117527023,1,45266.266824029764,1109.0165603930352,883.7198461491901,225.2967142438451,260.12252173625166,3390882.8726326665,100328769.88956381,98513983.37649836,-1814786.5130654555,29.05260578936262,1,
2020-07-21,3516.7582328022086,3416.2815666532183,9544.676095992947,3517.461584448769,1,10548.164643466946,252.13439266724603,200.913290796895,51.22110187035103,252.89843268755067,3296711.7118203575,100328970.80285461,98426538.79921052,-1902432.0036441009,29.85597389250089,1,
2020-07-22,3417.785960664925,3349.047226192481,9450.287087268804,6836.939035714116,2,0.0,0.0,0.0,0.0,248.4350758805449,3238528.6677281284,100328970.80285461,98361270.38100669,-1967700.4218479225,30.372209256992143,1,
2020-07-23,3356.8119724474436,3410.9684660897487,9537.251128901169,16787.416674209664,5,0.0,0.0,0.0,0.0,254.33676102221943,3315461.3490392338,100328970.80285461,98421161.30888256,-1907809.4939720477,29.68551008365801,1,
2020-07-24,3407.698463991049,3448.0213703027666,9588.912166737535,6816.760007367694,2,0.0,0.0,0.0,0.0,257.6285994819482,3358372.814674894,100328970.80285461,98456998.38591138,-1871972.4169432377,29.316875707095214,1,
2020-07-27,3454.490888242858,3308.9178533351196,9393.498252635694,6910.363572841014,2,17268.999950326048,478.9524306996853,381.65324440304425,97.29918629664107,246.47358519586123,3212959.235588399,100329352.45609902,98321599.67043087,-2007752.7856681428,30.60157084514797,1,
2020-07-28,3304.9371983975575,3410.5408102191745,9536.653235762427,19833.589115023424,6,0.0,0.0,0.0,0.0,255.61302576537855,3332098.3715841323,100329352.45609902,98420649.60428582,-1908702.8518131985,29.53713805198827,1,
2020-07-29,3409.4669852857105,3457.7824347256883,9602.475284669314,6820.297757365535,2,20452.71055133192,617.5516531410512,492.0960348054467,125.45561833560456,258.0926702785,3364422.3089880943,100329844.55213383,98466222.40619513,-1863622.1459386903,29.266903308523858,1,
2020-07-30,3474.9769512365892,3563.6347261744927,9748.346493875417,3475.6719466268364,1,0.0,0.0,0.0,0.0,266.26697603353387,3470980.223293957,100329844.55213383,98569038.38157834,-1760806.17055549,28.398040910770856,1,
2020-07-31,3569.1024011868935,3535.8000460808507,9710.200885091033,0.0,0,46389.05154918652,1687.8550411132971,1344.9672895111307,342.88775160216636,260.66111682180053,3397903.8442836967,100331189.51942334,98541747.50524884,-1789442.0141744968,29.000746348671964,1,
2020-08-03,3532.2559696084945,3514.9807835141282,9681.571199640588,0.0,0,0.0,0.0,0.0,0.0,259.12630937754875,3377896.532957078,100331189.51942334,98521481.06761284,-1809708.4518104945,29.166518306990646,1,
2020-08-04,3514.384508929618,3431.0008183357454,9565.215896968552,0.0,0,0.0,0.0,0.0,0.0,252.93526032818045,3297191.786420652,100331189.51942334,98440523.38581608,-1890666.1336072483,29.85586819403084,1,
2020-08-05,3433.2393639837833,3630.115452732661,9838.855560457101,3433.92601185658,1,0.0,0.0,0.0,0.0,267.8925748898837,3492171.065528821,100331189.51942334,98631800.84633751,-1699388.6730858271,28.243691100911647,1,
2020-08-06,3638.9036543338193,3618.300570596445,9822.831323804008,0.0,0,65487.16572485315,1822.3350216740737,1452.1276620209856,370.2073596530881,262.0244402246535,3415675.7386430446,100332641.64708535,98620160.45337671,-1712481.1937086477,28.872811121279277,1,
2020-08-07,3614.7609095070698,3749.1539087738342,9998.871814725013,0.0,0,0.0,0.0,0.0,0.0,271.50037292247,3539201.2898824983,100332641.64708535,98743414.50424324,-1589227.1428421154,27.89991481595598,1,
2020-08-10,3736.0969622689,3698.361028596207,9930.909362317507,0.0,0,33618.14768588802,974.715698487556,776.702204339809,198.013494147747,265.2687444620533,3457967.5617374536,100333418.3492897,98695335.64154547,-1638082.7077442228,28.541428998239667,1,
2020-08-11,3696.2925958289425,3713.943546026987,9951.808607520526,0.0,0,0.0,0.0,0.0,0.0,266.386416534202,3472537.2155352323,100333418.3492897,98709638.90892673,-1623779.4403629773,28.425797272186273,1,
2020-08-12,3714.0578274656586,3582.0114773055043,9773.449036112079,0.0,0,0.0,0.0,0.0,0.0,256.9234533585113,3349180.7312806463,100333418.3492897,98586025.50121878,-1747392.8480709228,29.435863099427856,1,
2020-08-13,3582.796209827925,3554.0984499686733,9735.294482748392,3583.5127690698905,1,0.0,0.0,0.0,0.0,255.19400596374908,3326636.149170678,100333418.3492897,98559642.21233378,-1773776.1369559239,29.62741874758514,1,
2020-08-14,3563.4577427128647,3634.036589231533,9844.167937388489,3564.170434261407,1,0.0,0.0,0.0,0.0,261.21255878100055,3405092.284109945,100333418.3492897,98634272.96428001,-1699145.3850096979,28.966695976071605,1,
2020-08-17,3636.338294091334,3537.448393892138,9712.464011282462,3637.065561750152,1,0.0,0.0,0.0,0.0,254.54121812929225,3318126.5934708244,100333418.3492897,98543415.666861,-1790002.6824286988,29.69850995461348,1,
2020-08-18,3543.1996975635006,3624.0590440361393,9830.644663888039,7087.816675006026,2,0.0,0.0,0.0,0.0,261.32940832614986,3406615.501393971,100333418.3492897,98624555.42870082,-1708862.920588885,28.95089140184565,1,
2020-08-19,3616.078041954179,3653.238054361497,9870.140903231317,3616.8012575625694,1,7230.709652691577,142.33695766783512,113.42120471761442,28.915752950220703,263.1532463706026,3430390.5330454465,100333531.77049442,98651652.2997481,-1681879.4707463214,28.758140319425006,1,
2020-08-20,3659.5793558513956,3572.4334139705074,9760.373509206169,0.0,0,3658.8474399802253,93.56860599749605,74.56014368910473,19.008462308391323,257.0586059849884,3350942.5423043356,100333606.33063811,98575587.08937868,-1758019.2412594329,29.417271661599848,1,
2020-08-21,3587.410625509781,3535.348401427315,9709.580700081495,3588.128107634883,1,0.0,0.0,0.0,0.0,254.6613155351588,3319692.1489402484,100333606.33063811,98540493.90659142,-1793112.42404669,29.68362410895501,1,
2020-08-24,3540.8134086747837,3501.9235641822934,9663.572236921214,7083.043142713037,2,0.0,0.0,0.0,0.0,252.79090977826854,3295310.073895537,100333606.33063811,98508775.99749422,-1824830.3331438915,29.89362875980969,1,
2020-08-25,3503.6994296832804,3500.210053071649,9661.207727224237,7008.800339138434,2,0.0,0.0,0.0,0.0,253.20423627752461,3300698.0800465667,100333606.33063811,98506901.99906982,-1826704.3315682805,29.8442631255992,1,
2020-08-26,3501.288035081887,3461.243143630774,9607.27938406536,10505.964878066708,3,0.0,0.0,0.0,0.0,251.18194079034583,3274336.0138747105,100333606.33063811,98469782.78607912,-1863823.544558991,30.073206405458112,1,
2020-08-27,3473.614611273817,3400.857075176808,9523.104641067159,13897.237336784287,4,0.0,0.0,0.0,0.0,247.84328273887513,3230814.221417967,100333606.33063811,98412115.91300285,-1921490.4176352588,30.46046883804136,1,
2020-08-28,3394.550651761282,3380.1718497848938,9494.099009082634,20371.377371349805,6,0.0,0.0,0.0,0.0,247.89161664400308,3231444.2883943594,100333606.33063811,98392126.71099125,-1941479.619646861,30.448343814672523,1,
2020-08-31,3379.420759659292,3306.6479657207683,9390.275772621759,23660.676506678567,7,0.0,0.0,0.0,0.0,244.27522122651135,3184301.9909891007,100333606.33063811,98321079.46185808,-2012526.8687800255,30.87680745735985,1,
2020-09-01,3309.691454722765,3216.086965577955,9260.794732747228,33103.53393013709,10,0.0,0.0,0.0,0.0,240.0522555896314,3129252.6175073516,100333606.33063811,98232686.5021906,-2100919.828447501,31.39174061966246,1,
2020-09-02,3220.872510108383,3214.6082831298736,9258.6655383014,41879.71689993526,13,0.0,0.0,0.0,0.0,243.1476862483396,3169603.767166058,100333606.33063811,98230914.78726313,-2102691.54337498,30.991544055076435,1,
2020-09-03,3211.7966073136054,3279.623872602555,9351.825308608732,41761.70656625588,13,0.0,0.0,0.0,0.0,251.33599716282333,3276344.2487299503,100333606.33063811,98295642.22626361,-2037964.104374502,30.001622162984603,1,
2020-09-04,3281.639669767973,3173.0160323208606,9198.573849346953,29540.663979317338,9,42652.78344384225,887.8062389846502,707.4484015349185,180.3578374497317,242.19240180947963,3157150.9521592576,100334313.77903964,98189138.49891818,-2145175.280121466,31.100552360907567,1,
2020-09-07,3171.2523336887534,3175.165460890873,9201.688918730624,41234.52559402138,13,0.0,0.0,0.0,0.0,245.52293141964765,3200566.7845780016,100334313.77903964,98191074.28281148,-2143239.4962281655,30.679276794331315,1,
2020-09-08,3175.930492450683,3131.9653297004966,9138.877144303884,38118.78814259007,12,0.0,0.0,0.0,0.0,245.06556114042905,3194604.6362945065,100334313.77903964,98146748.28082424,-2187565.498215388,30.72265881222374,1,
2020-09-09,3131.137917450901,3067.195139845612,9043.885801793553,40712.933885447084,13,0.0,0.0,0.0,0.0,243.0563074654492,3168412.57946052,100334313.77903964,98079600.23379734,-2254713.54524229,30.955438338304155,1,
2020-09-10,3060.192158684818,3127.203444968334,9131.927062007353,42851.25875963177,14,0.0,0.0,0.0,0.0,251.1701265552765,3274182.006881847,100334313.77903964,98142267.23233248,-2192046.5467071477,29.97459121883021,1,
2020-09-11,3127.0713920166922,3093.6121969732512,9082.748771854258,37532.36167554115,12,43770.24368833605,915.6263978811924,729.6168951516281,186.00950272956422,247.99751474915684,3232824.7458370454,100335043.39593479,98106713.846283,-2228329.549651782,30.347056076150253,1,
2020-09-14,3099.0393302677394,3199.2040387599445,9236.455364492656,37195.909657605516,12,0.0,0.0,0.0,0.0,259.40724035922904,3381558.6689692624,100335043.39593479,98217992.45251726,-2117050.9434175333,29.045183617191306,1,
2020-09-15,3193.016661112235,3146.6725933473094,9160.30944651589,15968.276322222286,5,118117.98813786045,2655.592056234078,2116.108530010125,539.4835262239529,247.4232970659432,3225339.4081809926,100337159.5044648,98163135.99672134,-2174023.507743465,30.43497864061469,1,
2020-09-16,3145.1553197506055,3175.44766363578,9202.097824062772,22020.49045570189,7,0.0,0.0,0.0,0.0,251.39105668063712,3277061.9888721253,100337159.5044648,98192586.6959001,-2144572.808564714,29.963603688099685,1,
2020-09-17,3179.669612240804,3161.5056722593886,9181.87442339074,15901.52773081626,5,0.0,0.0,0.0,0.0,251.499941643051,3278481.3821329856,100337159.5044648,98177853.0614885,-2159306.442976312,29.946137134264834,1,
2020-09-18,3154.7409030523213,3111.359947860198,9108.76493327198,15776.859256164658,5,0.0,0.0,0.0,0.0,248.70421325691132,3242037.0656703273,100337159.5044648,98125383.18155642,-2211776.3229083926,30.266582766927097,1,
2020-09-21,3112.4964550767318,3153.739097015805,9170.589362399496,21791.83268057423,7,0.0,0.0,0.0,0.0,253.78527330834186,3308272.3127695792,100337159.5044648,98169572.81070179,-2167586.6937630237,29.67396983367351,1,
