date,selected_params,training_score,training_net_profit,training_max_drawdown,training_max_unrealized_loss,training_margin_call_count
2020-07-13,"{""base_buy_amount"": 54275.118692676166, ""max_daily_buy_amount"": 1077795.7500210647, ""score_threshold"": 0.7091495974575888, ""score_scale"": 0.6332328010787595, ""w_drawdown"": 2.0067777877669397, ""w_rsi"": 4.478174406918484, ""w_ma_gap_25"": 3.3580640442792937, ""w_ret_5"": 1.1882918168029866, ""w_trend"": 2.116686777791476, ""w_vol"": 1.7401571170475716, ""w_exposure"": 8.533446711440595, ""w_unrealized_loss"": 2.989436511189055, ""fixed_profit_yen"": 30745.051791508, ""base_take_profit_pct"": 0.013114321896939353, ""min_take_profit_pct"": 0.0034734254567956035, ""exposure_tp_sensitivity"": 0.7979018059546823, ""vol_tp_multiplier"": 0.9379684096974567}",-1006798.9054957298,-306358.74001765926,488172.87178461254,512707.4591715286,0
2020-07-14,"{""base_buy_amount"": 54275.118692676166, ""max_daily_buy_amount"": 1077795.7500210647, ""score_threshold"": 0.7091495974575888, ""score_scale"": 0.6332328010787595, ""w_drawdown"": 2.0067777877669397, ""w_rsi"": 4.478174406918484, ""w_ma_gap_25"": 3.3580640442792937, ""w_ret_5"": 1.1882918168029866, ""w_trend"": 2.116686777791476, ""w_vol"": 1.7401571170475716, ""w_exposure"": 8.533446711440595, ""w_unrealized_loss"": 2.989436511189055, ""fixed_profit_yen"": 30745.051791508, ""base_take_profit_pct"": 0.013114321896939353, ""min_take_profit_pct"": 0.0034734254567956035, ""exposure_tp_sensitivity"": 0.7979018059546823, ""vol_tp_multiplier"": 0.9379684096974567}",-1022514.23063921,-322074.0651611395,488172.87178461254,512707.4591715286,0
2020-07-15,"{""base_buy_amount"": 54275.118692676166, ""max_daily_buy_amount"": 1077795.7500210647, ""score_threshold"": 0.7091495974575888, ""score_scale"": 0.6332328010787595, ""w_drawdown"": 2.0067777877669397, ""w_rsi"": 4.478174406918484, ""w_ma_gap_25"": 3.3580640442792937, ""w_ret_5"": 1.1882918168029866, ""w_trend"": 2.116686777791476, ""w_vol"": 1.7401571170475716, ""w_exposure"": 8.533446711440595, ""w_unrealized_loss"": 2.989436511189055, ""fixed_profit_yen"": 30745.051791508, ""base_take_profit_pct"": 0.013114321896939353, ""min_take_profit_pct"": 0.0034734254567956035, ""exposure_tp_sensitivity"": 0.7979018059546823, ""vol_tp_multiplier"": 0.9379684096974567}",-1018201.7286538563,-317761.5631757858,488172.87178461254,512707.4591715286,0
2020-07-16,"{""base_buy_amount"": 54275.118692676166, ""max_daily_buy_amount"": 1077795.7500210647, ""score_threshold"": 0.7091495974575888, ""score_scale"": 0.6332328010787595, ""w_drawdown"": 2.0067777877669397, ""w_rsi"": 4.478174406918484, ""w_ma_gap_25"": 3.3580640442792937, ""w_ret_5"": 1.1882918168029866, ""w_trend"": 2.116686777791476, ""w_vol"": 1.7401571170475716, ""w_exposure"": 8.533446711440595, ""w_unrealized_loss"": 2.989436511189055, ""fixed_profit_yen"": 30745.051791508, ""base_take_profit_pct"": 0.013114321896939353, ""min_take_profit_pct"": 0.0034734254567956035, ""exposure_tp_sensitivity"": 0.7979018059546823, ""vol_tp_multiplier"": 0.9379684096974567}",-1008993.2684778946,-308553.102999824,488172.87178461254,512707.4591715286,0
2020-07-17,"{""base_buy_amount"": 54275.118692676166, ""max_daily_buy_amount"": 1077795.7500210647, ""score_threshold"": 0.7091495974575888, ""score_scale"": 0.6332328010787595, ""w_drawdown"": 2.0067777877669397, ""w_rsi"": 4.478174406918484, ""w_ma_gap_25"": 3.3580640442792937, ""w_ret_5"": 1.1882918168029866, ""w_trend"": 2.116686777791476, ""w_vol"": 1.7401571170475716, ""w_exposure"": 8.533446711440595, ""w_unrealized_loss"": 2.989436511189055, ""fixed_profit_yen"": 30745.051791508, ""base_take_profit_pct"": 0.013114321896939353, ""min_take_profit_pct"": 0.0034734254567956035, ""exposure_tp_sensitivity"": 0.7979018059546823, ""vol_tp_multiplier"": 0.9379684096974567}",-1017050.5159374706,-316610.3504594001,488172.87178461254,512707.4591715286,0
2020-07-20,"{""base_buy_amount"": 54275.118692676166, ""max_daily_buy_amount"": 1077795.7500210647, ""score_threshold"": 0.7091495974575888, ""score_scale"": 0.6332328010787595, ""w_drawdown"": 2.0067777877669397, ""w_rsi"": 4.478174406918484, ""w_ma_gap_25"": 3.3580640442792937, ""w_ret_5"": 1.1882918168029866, ""w_trend"": 2.116686777791476, ""w_vol"": 1.7401571170475716, ""w_exposure"": 8.533446711440595, ""w_unrealized_loss"": 2.989436511189055, ""fixed_profit_yen"": 30745.051791508, ""base_take_profit_pct"": 0.013114321896939353, ""min_take_profit_pct"": 0.0034734254567956035, ""exposure_tp_sensitivity"": 0.7979018059546823, ""vol_tp_multiplier"": 0.9379684096974567}",-991897.5964353862,-291457.4309573156,488172.87178461254,512707.4591715286,0
2020-07-21,"{""base_buy_amount"": 54275.118692676166, ""max_daily_buy_amount"": 1077795.7500210647, ""score_threshold"": 0.7091495974575888, ""score_scale"": 0.6332328010787595, ""w_drawdown"": 2.0067777877669397, ""w_rsi"": 4.478174406918484, ""w_ma_gap_25"": 3.3580640442792937, ""w_ret_5"": 1.1882918168029866, ""w_trend"": 2.116686777791476, ""w_vol"": 1.7401571170475716, ""w_exposure"": 8.533446711440595, ""w_unrealized_loss"": 2.989436511189055, ""fixed_profit_yen"": 30745.051791508, ""base_take_profit_pct"": 0.013114321896939353, ""min_take_profit_pct"": 0.0034734254567956035, ""exposure_tp_sensitivity"": 0.7979018059546823, ""vol_tp_multiplier"": 0.9379684096974567}",-987412.2108706157,-286972.0453925451,488172.87178461254,512707.4591715286,0
2020-07-22,"{""base_buy_amount"": 54275.118692676166, ""max_daily_buy_amount"": 1077795.7500210647, ""score_threshold"": 0.7091495974575888, ""score_scale"": 0.6332328010787595, ""w_drawdown"": 2.0067777877669397, ""w_rsi"": 4.478174406918484, ""w_ma_gap_25"": 3.3580640442792937, ""w_ret_5"": 1.1882918168029866, ""w_trend"": 2.116686777791476, ""w_vol"": 1.7401571170475716, ""w_exposure"": 8.533446711440595, ""w_unrealized_loss"": 2.989436511189055, ""fixed_profit_yen"": 30745.051791508, ""base_take_profit_pct"": 0.013114321896939353, ""min_take_profit_pct"": 0.0034734254567956035, ""exposure_tp_sensitivity"": 0.7979018059546823, ""vol_tp_multiplier"": 0.9379684096974567}",-1013241.6713034813,-312801.5058254107,488172.87178461254,512707.4591715286,0
2020-07-23,"{""base_buy_amount"": 54275.118692676166, ""max_daily_buy_amount"": 1077795.7500210647, ""score_threshold"": 0.7091495974575888, ""score_scale"": 0.6332328010787595, ""w_drawdown"": 2.0067777877669397, ""w_rsi"": 4.478174406918484, ""w_ma_gap_25"": 3.3580640442792937, ""w_ret_5"": 1.1882918168029866, ""w_trend"": 2.116686777791476, ""w_vol"": 1.7401571170475716, ""w_exposure"": 8.533446711440595, ""w_unrealized_loss"": 2.989436511189055, ""fixed_profit_yen"": 30745.051791508, ""base_take_profit_pct"": 0.013114321896939353, ""min_take_profit_pct"": 0.0034734254567956035, ""exposure_tp_sensitivity"": 0.7979018059546823, ""vol_tp_multiplier"": 0.9379684096974567}",-1032966.6209855138,-332526.4555074432,488172.87178461254,512707.4591715286,0
2020-07-24,"{""base_buy_amount"": 54275.118692676166, ""max_daily_buy_amount"": 1077795.7500210647, ""score_threshold"": 0.7091495974575888, ""score_scale"": 0.6332328010787595, ""w_drawdown"": 2.0067777877669397, ""w_rsi"": 4.478174406918484, ""w_ma_gap_25"": 3.3580640442792937, ""w_ret_5"": 1.1882918168029866, ""w_trend"": 2.116686777791476, ""w_vol"": 1.7401571170475716, ""w_exposure"": 8.533446711440595, ""w_unrealized_loss"": 2.989436511189055, ""fixed_profit_yen"": 30745.051791508, ""base_take_profit_pct"": 0.013114321896939353, ""min_take_profit_pct"": 0.0034734254567956035, ""exposure_tp_sensitivity"": 0.7979018059546823, ""vol_tp_multiplier"": 0.9379684096974567}",-1014376.5664821041,-313936.4010040337,488172.87178461254,512707.4591715286,0
2020-07-27,"{""base_buy_amount"": 54275.118692676166, ""max_daily_buy_amount"": 1077795.7500210647, ""score_threshold"": 0.7091495974575888, ""score_scale"": 0.6332328010787595, ""w_drawdown"": 2.0067777877669397, ""w_rsi"": 4.478174406918484, ""w_ma_gap_25"": 3.3580640442792937, ""w_ret_5"": 1.1882918168029866, ""w_trend"": 2.116686777791476, ""w_vol"": 1.7401571170475716, ""w_exposure"": 8.533446711440595, ""w_unrealized_loss"": 2.989436511189055, ""fixed_profit_yen"": 30745.051791508, ""base_take_profit_pct"": 0.013114321896939353, ""min_take_profit_pct"": 0.0034734254567956035, ""exposure_tp_sensitivity"": 0.7979018059546823, ""vol_tp_multiplier"": 0.9379684096974567}",-1002914.6668605334,-302474.50138246285,488172.87178461254,512707.4591715286,0
2020-07-28,"{""base_buy_amount"": 54275.118692676166, ""max_daily_buy_amount"": 1077795.7500210647, ""score_threshold"": 0.7091495974575888, ""score_scale"": 0.6332328010787595, ""w_drawdown"": 2.0067777877669397, ""w_rsi"": 4.478174406918484, ""w_ma_gap_25"": 3.3580640442792937, ""w_ret_5"": 1.1882918168029866, ""w_trend"": 2.116686777791476, ""w_vol"": 1.7401571170475716, ""w_exposure"": 8.533446711440595, ""w_unrealized_loss"": 2.989436511189055, ""fixed_profit_yen"": 30745.051791508, ""base_take_profit_pct"": 0.013114321896939353, ""min_take_profit_pct"": 0.0034734254567956035, ""exposure_tp_sensitivity"": 0.7979018059546823, ""vol_tp_multiplier"": 0.9379684096974567}",-1045897.9901567195,-345457.8246786489,488172.87178461254,512707.4591715286,0
2020-07-29,"{""base_buy_amount"": 54275.118692676166, ""max_daily_buy_amount"": 1077795.7500210647, ""score_threshold"": 0.7091495974575888, ""score_scale"": 0.6332328010787595, ""w_drawdown"": 2.0067777877669397, ""w_rsi"": 4.478174406918484, ""w_ma_gap_25"": 3.3580640442792937, ""w_ret_5"": 1.1882918168029866, ""w_trend"": 2.116686777791476, ""w_vol"": 1.7401571170475716, ""w_exposure"": 8.533446711440595, ""w_unrealized_loss"": 2.989436511189055, ""fixed_profit_yen"": 30745.051791508, ""base_take_profit_pct"": 0.013114321896939353, ""min_take_profit_pct"": 0.0034734254567956035, ""exposure_tp_sensitivity"": 0.7979018059546823, ""vol_tp_multiplier"": 0.9379684096974567}",-1013523.8910391335,-313083.7255610629,488172.87178461254,512707.4591715286,0
2020-07-30,"{""base_buy_amount"": 54275.118692676166, ""max_daily_buy_amount"": 1077795.7500210647, ""score_threshold"": 0.7091495974575888, ""score_scale"": 0.6332328010787595, ""w_drawdown"": 2.0067777877669397, ""w_rsi"": 4.478174406918484, ""w_ma_gap_25"": 3.3580640442792937, ""w_ret_5"": 1.1882918168029866, ""w_trend"": 2.116686777791476, ""w_vol"": 1.7401571170475716, ""w_exposure"": 8.533446711440595, ""w_unrealized_loss"": 2.989436511189055, ""fixed_profit_yen"": 30745.051791508, ""base_take_profit_pct"": 0.013114321896939353, ""min_take_profit_pct"": 0.0034734254567956035, ""exposure_tp_sensitivity"": 0.7979018059546823, ""vol_tp_multiplier"": 0.9379684096974567}",-999042.5472064533,-298602.3817283828,488172.87178461254,512707.4591715286,0
2020-07-31,"{""base_buy_amount"": 54275.118692676166, ""max_daily_buy_amount"": 1077795.7500210647, ""score_threshold"": 0.7091495974575888, ""score_scale"": 0.6332328010787595, ""w_drawdown"": 2.0067777877669397, ""w_rsi"": 4.478174406918484, ""w_ma_gap_25"": 3.3580640442792937, ""w_ret_5"": 1.1882918168029866, ""w_trend"": 2.116686777791476, ""w_vol"": 1.7401571170475716, ""w_exposure"": 8.533446711440595, ""w_unrealized_loss"": 2.989436511189055, ""fixed_profit_yen"": 30745.051791508, ""base_take_profit_pct"": 0.013114321896939353, ""min_take_profit_pct"": 0.0034734254567956035, ""exposure_tp_sensitivity"": 0.7979018059546823, ""vol_tp_multiplier"": 0.9379684096974567}",-965540.0097338911,-265099.8442558205,488172.87178461254,512707.4591715286,0
2020-08-03,"{""base_buy_amount"": 54275.118692676166, ""max_daily_buy_amount"": 1077795.7500210647, ""score_threshold"": 0.7091495974575888, ""score_scale"": 0.6332328010787595, ""w_drawdown"": 2.0067777877669397, ""w_rsi"": 4.478174406918484, ""w_ma_gap_25"": 3.3580640442792937, ""w_ret_5"": 1.1882918168029866, ""w_trend"": 2.116686777791476, ""w_vol"": 1.7401571170475716, ""w_exposure"": 8.533446711440595, ""w_unrealized_loss"": 2.989436511189055, ""fixed_profit_yen"": 30745.051791508, ""base_take_profit_pct"": 0.013114321896939353, ""min_take_profit_pct"": 0.0034734254567956035, ""exposure_tp_sensitivity"": 0.7979018059546823, ""vol_tp_multiplier"": 0.9379684096974567}",-974237.9782302984,-273797.8127522278,488172.87178461254,512707.4591715286,0
2020-08-04,"{""base_buy_amount"": 54275.118692676166, ""max_daily_buy_amount"": 1077795.7500210647, ""score_threshold"": 0.7091495974575888, ""score_scale"": 0.6332328010787595, ""w_drawdown"": 2.0067777877669397, ""w_rsi"": 4.478174406918484, ""w_ma_gap_25"": 3.3580640442792937, ""w_ret_5"": 1.1882918168029866, ""w_trend"": 2.116686777791476, ""w_vol"": 1.7401571170475716, ""w_exposure"": 8.533446711440595, ""w_unrealized_loss"": 2.989436511189055, ""fixed_profit_yen"": 30745.051791508, ""base_take_profit_pct"": 0.013114321896939353, ""min_take_profit_pct"": 0.0034734254567956035, ""exposure_tp_sensitivity"": 0.7979018059546823, ""vol_tp_multiplier"": 0.9379684096974567}",-980050.0031146456,-279609.8376365751,488172.87178461254,512707.4591715286,0
2020-08-05,"{""base_buy_amount"": 54275.118692676166, ""max_daily_buy_amount"": 1077795.7500210647, ""score_threshold"": 0.7091495974575888, ""score_scale"": 0.6332328010787595, ""w_drawdown"": 2.0067777877669397, ""w_rsi"": 4.478174406918484, ""w_ma_gap_25"": 3.3580640442792937, ""w_ret_5"": 1.1882918168029866, ""w_trend"": 2.116686777791476, ""w_vol"": 1.7401571170475716, ""w_exposure"": 8.533446711440595, ""w_unrealized_loss"": 2.989436511189055, ""fixed_profit_yen"": 30745.051791508, ""base_take_profit_pct"": 0.013114321896939353, ""min_take_profit_pct"": 0.0034734254567956035, ""exposure_tp_sensitivity"": 0.7979018059546823, ""vol_tp_multiplier"": 0.9379684096974567}",-1003554.166023881,-303114.00054581044,488172.87178461254,512707.4591715286,0
2020-08-06,"{""base_buy_amount"": 54275.118692676166, ""max_daily_buy_amount"": 1077795.7500210647, ""score_threshold"": 0.7091495974575888, ""score_scale"": 0.6332328010787595, ""w_drawdown"": 2.0067777877669397, ""w_rsi"": 4.478174406918484, ""w_ma_gap_25"": 3.3580640442792937, ""w_ret_5"": 1.1882918168029866, ""w_trend"": 2.116686777791476, ""w_vol"": 1.7401571170475716, ""w_exposure"": 8.533446711440595, ""w_unrealized_loss"": 2.989436511189055, ""fixed_profit_yen"": 30745.051791508, ""base_take_profit_pct"": 0.013114321896939353, ""min_take_profit_pct"": 0.0034734254567956035, ""exposure_tp_sensitivity"": 0.7979018059546823, ""vol_tp_multiplier"": 0.9379684096974567}",-946903.4116457556,-246463.24616768514,488172.87178461254,512707.4591715286,0
2020-08-07,"{""base_buy_amount"": 54275.118692676166, ""max_daily_buy_amount"": 1077795.7500210647, ""score_threshold"": 0.7091495974575888, ""score_scale"": 0.6332328010787595, ""w_drawdown"": 2.0067777877669397, ""w_rsi"": 4.478174406918484, ""w_ma_gap_25"": 3.3580640442792937, ""w_ret_5"": 1.1882918168029866, ""w_trend"": 2.116686777791476, ""w_vol"": 1.7401571170475716, ""w_exposure"": 8.533446711440595, ""w_unrealized_loss"": 2.989436511189055, ""fixed_profit_yen"": 30745.051791508, ""base_take_profit_pct"": 0.013114321896939353, ""min_take_profit_pct"": 0.0034734254567956035, ""exposure_tp_sensitivity"": 0.7979018059546823, ""vol_tp_multiplier"": 0.9379684096974567}",-950523.6851194475,-250083.51964137703,488172.87178461254,512707.4591715286,0
2020-08-10,"{""base_buy_amount"": 54275.118692676166, ""max_daily_buy_amount"": 1077795.7500210647, ""score_threshold"": 0.7091495974575888, ""score_scale"": 0.6332328010787595, ""w_drawdown"": 2.0067777877669397, ""w_rsi"": 4.478174406918484, ""w_ma_gap_25"": 3.3580640442792937, ""w_ret_5"": 1.1882918168029866, ""w_trend"": 2.116686777791476, ""w_vol"": 1.7401571170475716, ""w_exposure"": 8.533446711440595, ""w_unrealized_loss"": 2.989436511189055, ""fixed_profit_yen"": 30745.051791508, ""base_take_profit_pct"": 0.013114321896939353, ""min_take_profit_pct"": 0.0034734254567956035, ""exposure_tp_sensitivity"": 0.7979018059546823, ""vol_tp_multiplier"": 0.9379684096974567}",-915918.1327613455,-215477.96728327498,488172.87178461254,512707.4591715286,0
2020-08-11,"{""base_buy_amount"": 54275.118692676166, ""max_daily_buy_amount"": 1077795.7500210647, ""score_threshold"": 0.7091495974575888, ""score_scale"": 0.6332328010787595, ""w_drawdown"": 2.0067777877669397, ""w_rsi"": 4.478174406918484, ""w_ma_gap_25"": 3.3580640442792937, ""w_ret_5"": 1.1882918168029866, ""w_trend"": 2.116686777791476, ""w_vol"": 1.7401571170475716, ""w_exposure"": 8.533446711440595, ""w_unrealized_loss"": 2.989436511189055, ""fixed_profit_yen"": 30745.051791508, ""base_take_profit_pct"": 0.013114321896939353, ""min_take_profit_pct"": 0.0034734254567956035, ""exposure_tp_sensitivity"": 0.7979018059546823, ""vol_tp_multiplier"": 0.9379684096974567}",-929144.4265933968,-228704.2611153263,488172.87178461254,512707.4591715286,0
2020-08-12,"{""base_buy_amount"": 54275.118692676166, ""max_daily_buy_amount"": 1077795.7500210647, ""score_threshold"": 0.7091495974575888, ""score_scale"": 0.6332328010787595, ""w_drawdown"": 2.0067777877669397, ""w_rsi"": 4.478174406918484, ""w_ma_gap_25"": 3.3580640442792937, ""w_ret_5"": 1.1882918168029866, ""w_trend"": 2.116686777791476, ""w_vol"": 1.7401571170475716, ""w_exposure"": 8.533446711440595, ""w_unrealized_loss"": 2.989436511189055, ""fixed_profit_yen"": 30745.051791508, ""base_take_profit_pct"": 0.013114321896939353, ""min_take_profit_pct"": 0.0034734254567956035, ""exposure_tp_sensitivity"": 0.7979018059546823, ""vol_tp_multiplier"": 0.9379684096974567}",-925410.4800490697,-224970.31457099924,488172.87178461254,512707.4591715286,0
2020-08-13,"{""base_buy_amount"": 54275.118692676166, ""max_daily_buy_amount"": 1077795.7500210647, ""score_threshold"": 0.7091495974575888, ""score_scale"": 0.6332328010787595, ""w_drawdown"": 2.0067777877669397, ""w_rsi"": 4.478174406918484, ""w_ma_gap_25"": 3.3580640442792937, ""w_ret_5"": 1.1882918168029866, ""w_trend"": 2.116686777791476, ""w_vol"": 1.7401571170475716, ""w_exposure"": 8.533446711440595, ""w_unrealized_loss"": 2.989436511189055, ""fixed_profit_yen"": 30745.051791508, ""base_take_profit_pct"": 0.013114321896939353, ""min_take_profit_pct"": 0.0034734254567956035, ""exposure_tp_sensitivity"": 0.7979018059546823, ""vol_tp_multiplier"": 0.9379684096974567}",-957802.0161671503,-257361.8506890798,488172.87178461254,512707.4591715286,0
2020-08-14,"{""base_buy_amount"": 54275.118692676166, ""max_daily_buy_amount"": 1077795.7500210647, ""score_threshold"": 0.7091495974575888, ""score_scale"": 0.6332328010787595, ""w_drawdown"": 2.0067777877669397, ""w_rsi"": 4.478174406918484, ""w_ma_gap_25"": 3.3580640442792937, ""w_ret_5"": 1.1882918168029866, ""w_trend"": 2.116686777791476, ""w_vol"": 1.7401571170475716, ""w_exposure"": 8.533446711440595, ""w_unrealized_loss"": 2.989436511189055, ""fixed_profit_yen"": 30745.051791508, ""base_take_profit_pct"": 0.013114321896939353, ""min_take_profit_pct"": 0.0034734254567956035, ""exposure_tp_sensitivity"": 0.7979018059546823, ""vol_tp_multiplier"": 0.9379684096974567}",-964826.2532901012,-264386.0878120307,488172.87178461254,512707.4591715286,0
2020-08-17,"{""base_buy_amount"": 54275.118692676166, ""max_daily_buy_amount"": 1077795.7500210647, ""score_threshold"": 0.7091495974575888, ""score_scale"": 0.6332328010787595, ""w_drawdown"": 2.0067777877669397, ""w_rsi"": 4.478174406918484, ""w_ma_gap_25"": 3.3580640442792937, ""w_ret_5"": 1.1882918168029866, ""w_trend"": 2.116686777791476, ""w_vol"": 1.7401571170475716, ""w_exposure"": 8.533446711440595, ""w_unrealized_loss"": 2.989436511189055, ""fixed_profit_yen"": 30745.051791508, ""base_take_profit_pct"": 0.013114321896939353, ""min_take_profit_pct"": 0.0034734254567956035, ""exposure_tp_sensitivity"": 0.7979018059546823, ""vol_tp_multiplier"": 0.9379684096974567}",-944712.7221723937,-244272.55669432314,488172.87178461254,512707.4591715286,0
2020-08-18,"{""base_buy_amount"": 54275.118692676166, ""max_daily_buy_amount"": 1077795.7500210647, ""score_threshold"": 0.7091495974575888, ""score_scale"": 0.6332328010787595, ""w_drawdown"": 2.0067777877669397, ""w_rsi"": 4.478174406918484, ""w_ma_gap_25"": 3.3580640442792937, ""w_ret_5"": 1.1882918168029866, ""w_trend"": 2.116686777791476, ""w_vol"": 1.7401571170475716, ""w_exposure"": 8.533446711440595, ""w_unrealized_loss"": 2.989436511189055, ""fixed_profit_yen"": 30745.051791508, ""base_take_profit_pct"": 0.013114321896939353, ""min_take_profit_pct"": 0.0034734254567956035, ""exposure_tp_sensitivity"": 0.7979018059546823, ""vol_tp_multiplier"": 0.9379684096974567}",-969617.7453020692,-269177.5798239986,488172.87178461254,512707.4591715286,0
2020-08-19,"{""base_buy_amount"": 54275.118692676166, ""max_daily_buy_amount"": 1077795.7500210647, ""score_threshold"": 0.7091495974575888, ""score_scale"": 0.6332328010787595, ""w_drawdown"": 2.0067777877669397, ""w_rsi"": 4.478174406918484, ""w_ma_gap_25"": 3.3580640442792937, ""w_ret_5"": 1.1882918168029866, ""w_trend"": 2.116686777791476, ""w_vol"": 1.7401571170475716, ""w_exposure"": 8.533446711440595, ""w_unrealized_loss"": 2.989436511189055, ""fixed_profit_yen"": 30745.051791508, ""base_take_profit_pct"": 0.013114321896939353, ""min_take_profit_pct"": 0.0034734254567956035, ""exposure_tp_sensitivity"": 0.7979018059546823, ""vol_tp_multiplier"": 0.9379684096974567}",-946951.0206081914,-246510.85513012088,488172.87178461254,512707.4591715286,0
2020-08-20,"{""base_buy_amount"": 54275.118692676166, ""max_daily_buy_amount"": 1077795.7500210647, ""score_threshold"": 0.7091495974575888, ""score_scale"": 0.6332328010787595, ""w_drawdown"": 2.0067777877669397, ""w_rsi"": 4.478174406918484, ""w_ma_gap_25"": 3.3580640442792937, ""w_ret_5"": 1.1882918168029866, ""w_trend"": 2.116686777791476, ""w_vol"": 1.7401571170475716, ""w_exposure"": 8.533446711440595, ""w_unrealized_loss"": 2.989436511189055, ""fixed_profit_yen"": 30745.051791508, ""base_take_profit_pct"": 0.013114321896939353, ""min_take_profit_pct"": 0.0034734254567956035, ""exposure_tp_sensitivity"": 0.7979018059546823, ""vol_tp_multiplier"": 0.9379684096974567}",-939206.0200278775,-238765.8545498069,488172.87178461254,512707.4591715286,0
2020-08-21,"{""base_buy_amount"": 54275.118692676166, ""max_daily_buy_amount"": 1077795.7500210647, ""score_threshold"": 0.7091495974575888, ""score_scale"": 0.6332328010787595, ""w_drawdown"": 2.0067777877669397, ""w_rsi"": 4.478174406918484, ""w_ma_gap_25"": 3.3580640442792937, ""w_ret_5"": 1.1882918168029866, ""w_trend"": 2.116686777791476, ""w_vol"": 1.7401571170475716, ""w_exposure"": 8.533446711440595, ""w_unrealized_loss"": 2.989436511189055, ""fixed_profit_yen"": 30745.051791508, ""base_take_profit_pct"": 0.013114321896939353, ""min_take_profit_pct"": 0.0034734254567956035, ""exposure_tp_sensitivity"": 0.7979018059546823, ""vol_tp_multiplier"": 0.9379684096974567}",-960467.057904004,-260026.89242593345,488172.87178461254,512707.4591715286,0
2020-08-24,"{""base_buy_amount"": 54275.118692676166, ""max_daily_buy_amount"": 1077795.7500210647, ""score_threshold"": 0.7091495974575888, ""score_scale"": 0.6332328010787595, ""w_drawdown"": 2.0067777877669397, ""w_rsi"": 4.478174406918484, ""w_ma_gap_25"": 3.3580640442792937, ""w_ret_5"": 1.1882918168029866, ""w_trend"": 2.116686777791476, ""w_vol"": 1.7401571170475716, ""w_exposure"": 8.533446711440595, ""w_unrealized_loss"": 2.989436511189055, ""fixed_profit_yen"": 30745.051791508, ""base_take_profit_pct"": 0.013114321896939353, ""min_take_profit_pct"": 0.0034734254567956035, ""exposure_tp_sensitivity"": 0.7979018059546823, ""vol_tp_multiplier"": 0.9379684096974567}",-970444.928970624,-270004.7634925535,488172.87178461254,512707.4591715286,0
2020-08-25,"{""base_buy_amount"": 54275.118692676166, ""max_daily_buy_amount"": 1077795.7500210647, ""score_threshold"": 0.7091495974575888, ""score_scale"": 0.6332328010787595, ""w_drawdown"": 2.0067777877669397, ""w_rsi"": 4.478174406918484, ""w_ma_gap_25"": 3.3580640442792937, ""w_ret_5"": 1.1882918168029866, ""w_trend"": 2.116686777791476, ""w_vol"": 1.7401571170475716, ""w_exposure"": 8.533446711440595, ""w_unrealized_loss"": 2.989436511189055, ""fixed_profit_yen"": 30745.051791508, ""base_take_profit_pct"": 0.013114321896939353, ""min_take_profit_pct"": 0.0034734254567956035, ""exposure_tp_sensitivity"": 0.7979018059546823, ""vol_tp_multiplier"": 0.9379684096974567}",-979652.7671643766,-279212.601686306,488172.87178461254,512707.4591715286,0
2020-08-26,"{""base_buy_amount"": 54275.118692676166, ""max_daily_buy_amount"": 1077795.7500210647, ""score_threshold"": 0.7091495974575888, ""score_scale"": 0.6332328010787595, ""w_drawdown"": 2.0067777877669397, ""w_rsi"": 4.478174406918484, ""w_ma_gap_25"": 3.3580640442792937, ""w_ret_5"": 1.1882918168029866, ""w_trend"": 2.116686777791476, ""w_vol"": 1.7401571170475716, ""w_exposure"": 8.533446711440595, ""w_unrealized_loss"": 2.989436511189055, ""fixed_profit_yen"": 30745.051791508, ""base_take_profit_pct"": 0.013114321896939353, ""min_take_profit_pct"": 0.0034734254567956035, ""exposure_tp_sensitivity"": 0.7979018059546823, ""vol_tp_multiplier"": 0.9379684096974567}",-980223.0870867074,-279782.92160863674,488172.87178461254,512707.4591715286,0
2020-08-27,"{""base_buy_amount"": 54275.118692676166, ""max_daily_buy_amount"": 1077795.7500210647, ""score_threshold"": 0.7091495974575888, ""score_scale"": 0.6332328010787595, ""w_drawdown"": 2.0067777877669397, ""w_rsi"": 4.478174406918484, ""w_ma_gap_25"": 3.3580640442792937, ""w_ret_5"": 1.1882918168029866, ""w_trend"": 2.116686777791476, ""w_vol"": 1.7401571170475716, ""w_exposure"": 8.533446711440595, ""w_unrealized_loss"": 2.989436511189055, ""fixed_profit_yen"": 30745.051791508, ""base_take_profit_pct"": 0.013114321896939353, ""min_take_profit_pct"": 0.0034734254567956035, ""exposure_tp_sensitivity"": 0.7979018059546823, ""vol_tp_multiplier"": 0.9379684096974567}",-991497.0202594837,-291056.8547814132,488172.87178461254,512707.4591715286,0
2020-08-28,"{""base_buy_amount"": 54275.118692676166, ""max_daily_buy_amount"": 1077795.7500210647, ""score_threshold"": 0.7091495974575888, ""score_scale"": 0.6332328010787595, ""w_drawdown"": 2.0067777877669397, ""w_rsi"": 4.478174406918484, ""w_ma_gap_25"": 3.3580640442792937, ""w_ret_5"": 1.1882918168029866, ""w_trend"": 2.116686777791476, ""w_vol"": 1.7401571170475716, ""w_exposure"": 8.533446711440595, ""w_unrealized_loss"": 2.989436511189055, ""fixed_profit_yen"": 30745.051791508, ""base_take_profit_pct"": 0.013114321896939353, ""min_take_profit_pct"": 0.0034734254567956035, ""exposure_tp_sensitivity"": 0.7979018059546823, ""vol_tp_multiplier"": 0.9379684096974567}",-1009639.8281327786,-309199.6626547082,488172.87178461254,512707.4591715286,0
2020-08-31,"{""base_buy_amount"": 54275.118692676166, ""max_daily_buy_amount"": 1077795.7500210647, ""score_threshold"": 0.7091495974575888, ""score_scale"": 0.6332328010787595, ""w_drawdown"": 2.0067777877669397, ""w_rsi"": 4.478174406918484, ""w_ma_gap_25"": 3.3580640442792937, ""w_ret_5"": 1.1882918168029866, ""w_trend"": 2.116686777791476, ""w_vol"": 1.7401571170475716, ""w_exposure"": 8.533446711440595, ""w_unrealized_loss"": 2.989436511189055, ""fixed_profit_yen"": 30745.051791508, ""base_take_profit_pct"": 0.013114321896939353, ""min_take_profit_pct"": 0.0034734254567956035, ""exposure_tp_sensitivity"": 0.7979018059546823, ""vol_tp_multiplier"": 0.9379684096974567}",-1016044.1565834153,-315603.9911053448,488172.87178461254,512707.4591715286,0
2020-09-01,"{""base_buy_amount"": 54275.118692676166, ""max_daily_buy_amount"": 1077795.7500210647, ""score_threshold"": 0.7091495974575888, ""score_scale"": 0.6332328010787595, ""w_drawdown"": 2.0067777877669397, ""w_rsi"": 4.478174406918484, ""w_ma_gap_25"": 3.3580640442792937, ""w_ret_5"": 1.1882918168029866, ""w_trend"": 2.116686777791476, ""w_vol"": 1.7401571170475716, ""w_exposure"": 8.533446711440595, ""w_unrealized_loss"": 2.989436511189055, ""fixed_profit_yen"": 30745.051791508, ""base_take_profit_pct"": 0.013114321896939353, ""min_take_profit_pct"": 0.0034734254567956035, ""exposure_tp_sensitivity"": 0.7979018059546823, ""vol_tp_multiplier"": 0.9379684096974567}",-1039725.8459700579,-339285.6804919873,488172.87178461254,512707.4591715286,0
2020-09-02,"{""base_buy_amount"": 54275.118692676166, ""max_daily_buy_amount"": 1077795.7500210647, ""score_threshold"": 0.7091495974575888, ""score_scale"": 0.6332328010787595, ""w_drawdown"": 2.0067777877669397, ""w_rsi"": 4.478174406918484, ""w_ma_gap_25"": 3.3580640442792937, ""w_ret_5"": 1.1882918168029866, ""w_trend"": 2.116686777791476, ""w_vol"": 1.7401571170475716, ""w_exposure"": 8.533446711440595, ""w_unrealized_loss"": 2.989436511189055, ""fixed_profit_yen"": 30745.051791508, ""base_take_profit_pct"": 0.013114321896939353, ""min_take_profit_pct"": 0.0034734254567956035, ""exposure_tp_sensitivity"": 0.7979018059546823, ""vol_tp_multiplier"": 0.9379684096974567}",-1070198.306029418,-369758.1405513475,488172.87178461254,512707.4591715286,0
2020-09-03,"{""base_buy_amount"": 54275.118692676166, ""max_daily_buy_amount"": 1077795.7500210647, ""score_threshold"": 0.7091495974575888, ""score_scale"": 0.6332328010787595, ""w_drawdown"": 2.0067777877669397, ""w_rsi"": 4.478174406918484, ""w_ma_gap_25"": 3.3580640442792937, ""w_ret_5"": 1.1882918168029866, ""w_trend"": 2.116686777791476, ""w_vol"": 1.7401571170475716, ""w_exposure"": 8.533446711440595, ""w_unrealized_loss"": 2.989436511189055, ""fixed_profit_yen"": 30745.051791508, ""base_take_profit_pct"": 0.013114321896939353, ""min_take_profit_pct"": 0.0034734254567956035, ""exposure_tp_sensitivity"": 0.7979018059546823, ""vol_tp_multiplier"": 0.9379684096974567}",-1070883.6007023489,-370443.43522427836,488172.87178461254,512707.4591715286,0
2020-09-04,"{""base_buy_amount"": 54275.118692676166, ""max_daily_buy_amount"": 1077795.7500210647, ""score_threshold"": 0.7091495974575888, ""score_scale"": 0.6332328010787595, ""w_drawdown"": 2.0067777877669397, ""w_rsi"": 4.478174406918484, ""w_ma_gap_25"": 3.3580640442792937, ""w_ret_5"": 1.1882918168029866, ""w_trend"": 2.116686777791476, ""w_vol"": 1.7401571170475716, ""w_exposure"": 8.533446711440595, ""w_unrealized_loss"": 2.989436511189055, ""fixed_profit_yen"": 30745.051791508, ""base_take_profit_pct"": 0.013114321896939353, ""min_take_profit_pct"": 0.0034734254567956035, ""exposure_tp_sensitivity"": 0.7979018059546823, ""vol_tp_multiplier"": 0.9379684096974567}",-1047212.2002658308,-346772.0347877604,488172.87178461254,512707.4591715286,0
2020-09-07,"{""base_buy_amount"": 54275.118692676166, ""max_daily_buy_amount"": 1077795.7500210647, ""score_threshold"": 0.7091495974575888, ""score_scale"": 0.6332328010787595, ""w_drawdown"": 2.0067777877669397, ""w_rsi"": 4.478174406918484, ""w_ma_gap_25"": 3.3580640442792937, ""w_ret_5"": 1.1882918168029866, ""w_trend"": 2.116686777791476, ""w_vol"": 1.7401571170475716, ""w_exposure"": 8.533446711440595, ""w_unrealized_loss"": 2.989436511189055, ""fixed_profit_yen"": 30745.051791508, ""base_take_profit_pct"": 0.013114321896939353, ""min_take_profit_pct"": 0.0034734254567956035, ""exposure_tp_sensitivity"": 0.7979018059546823, ""vol_tp_multiplier"": 0.9379684096974567}",-1086221.6547029703,-385781.4892248998,488172.87178461254,512707.4591715286,0
2020-09-08,"{""base_buy_amount"": 54275.118692676166, ""max_daily_buy_amount"": 1077795.7500210647, ""score_threshold"": 0.7091495974575888, ""score_scale"": 0.6332328010787595, ""w_drawdown"": 2.0067777877669397, ""w_rsi"": 4.478174406918484, ""w_ma_gap_25"": 3.3580640442792937, ""w_ret_5"": 1.1882918168029866, ""w_trend"": 2.116686777791476, ""w_vol"": 1.7401571170475716, ""w_exposure"": 8.533446711440595, ""w_unrealized_loss"": 2.989436511189055, ""fixed_profit_yen"": 30745.051791508, ""base_take_profit_pct"": 0.013114321896939353, ""min_take_profit_pct"": 0.0034734254567956035, ""exposure_tp_sensitivity"": 0.7979018059546823, ""vol_tp_multiplier"": 0.9379684096974567}",-1085484.3000803073,-385044.1346022368,488172.87178461254,512707.4591715286,0
2020-09-09,"{""base_buy_amount"": 54275.118692676166, ""max_daily_buy_amount"": 1077795.7500210647, ""score_threshold"": 0.7091495974575888, ""score_scale"": 0.6332328010787595, ""w_drawdown"": 2.0067777877669397, ""w_rsi"": 4.478174406918484, ""w_ma_gap_25"": 3.3580640442792937, ""w_ret_5"": 1.1882918168029866, ""w_trend"": 2.116686777791476, ""w_vol"": 1.7401571170475716, ""w_exposure"": 8.533446711440595, ""w_unrealized_loss"": 2.989436511189055, ""fixed_profit_yen"": 30745.051791508, ""base_take_profit_pct"": 0.013114321896939353, ""min_take_profit_pct"": 0.0034734254567956035, ""exposure_tp_sensitivity"": 0.7979018059546823, ""vol_tp_multiplier"": 0.9379684096974567}",-1103024.4460763861,-402137.2117440745,488172.87178461254,513601.5968800109,0
2020-09-10,"{""base_buy_amount"": 54275.118692676166, ""max_daily_buy_amount"": 1077795.7500210647, ""score_threshold"": 0.7091495974575888, ""score_scale"": 0.6332328010787595, ""w_drawdown"": 2.0067777877669397, ""w_rsi"": 4.478174406918484, ""w_ma_gap_25"": 3.3580640442792937, ""w_ret_5"": 1.1882918168029866, ""w_trend"": 2.116686777791476, ""w_vol"": 1.7401571170475716, ""w_exposure"": 8.533446711440595, ""w_unrealized_loss"": 2.989436511189055, ""fixed_profit_yen"": 30745.051791508, ""base_take_profit_pct"": 0.013114321896939353, ""min_take_profit_pct"": 0.0034734254567956035, ""exposure_tp_sensitivity"": 0.7979018059546823, ""vol_tp_multiplier"": 0.9379684096974567}",-1142900.4805672541,-428721.23473798635,488172.87178461254,540185.6198739228,0
2020-09-11,"{""base_buy_amount"": 54275.118692676166, ""max_daily_buy_amount"": 1077795.7500210647, ""score_threshold"": 0.7091495974575888, ""score_scale"": 0.6332328010787595, ""w_drawdown"": 2.0067777877669397, ""w_rsi"": 4.478174406918484, ""w_ma_gap_25"": 3.3580640442792937, ""w_ret_5"": 1.1882918168029866, ""w_trend"": 2.116686777791476, ""w_vol"": 1.7401571170475716, ""w_exposure"": 8.533446711440595, ""w_unrealized_loss"": 2.989436511189055, ""fixed_profit_yen"": 30745.051791508, ""base_take_profit_pct"": 0.013114321896939353, ""min_take_profit_pct"": 0.0034734254567956035, ""exposure_tp_sensitivity"": 0.7979018059546823, ""vol_tp_multiplier"": 0.9379684096974567}",-1117396.6512064189,-403217.4053771513,488172.87178461254,540185.6198739228,0
2020-09-14,"{""base_buy_amount"": 54275.118692676166, ""max_daily_buy_amount"": 1077795.7500210647, ""score_threshold"": 0.7091495974575888, ""score_scale"": 0.6332328010787595, ""w_drawdown"": 2.0067777877669397, ""w_rsi"": 4.478174406918484, ""w_ma_gap_25"": 3.3580640442792937, ""w_ret_5"": 1.1882918168029866, ""w_trend"": 2.116686777791476, ""w_vol"": 1.7401571170475716, ""w_exposure"": 8.533446711440595, ""w_unrealized_loss"": 2.989436511189055, ""fixed_profit_yen"": 30745.051791508, ""base_take_profit_pct"": 0.013114321896939353, ""min_take_profit_pct"": 0.0034734254567956035, ""exposure_tp_sensitivity"": 0.7979018059546823, ""vol_tp_multiplier"": 0.9379684096974567}",-1131972.0654558253,-417792.8196265577,488172.87178461254,540185.6198739228,0
2020-09-15,"{""base_buy_amount"": 54275.118692676166, ""max_daily_buy_amount"": 1077795.7500210647, ""score_threshold"": 0.7091495974575888, ""score_scale"": 0.6332328010787595, ""w_drawdown"": 2.0067777877669397, ""w_rsi"": 4.478174406918484, ""w_ma_gap_25"": 3.3580640442792937, ""w_ret_5"": 1.1882918168029866, ""w_trend"": 2.116686777791476, ""w_vol"": 1.7401571170475716, ""w_exposure"": 8.533446711440595, ""w_unrealized_loss"": 2.989436511189055, ""fixed_profit_yen"": 30745.051791508, ""base_take_profit_pct"": 0.013114321896939353, ""min_take_profit_pct"": 0.0034734254567956035, ""exposure_tp_sensitivity"": 0.7979018059546823, ""vol_tp_multiplier"": 0.9379684096974567}",-1085815.6897029693,-371636.4438737017,488172.87178461254,540185.6198739228,0
2020-09-16,"{""base_buy_amount"": 54275.118692676166, ""max_daily_buy_amount"": 1077795.7500210647, ""score_threshold"": 0.7091495974575888, ""score_scale"": 0.6332328010787595, ""w_drawdown"": 2.0067777877669397, ""w_rsi"": 4.478174406918484, ""w_ma_gap_25"": 3.3580640442792937, ""w_ret_5"": 1.1882918168029866, ""w_trend"": 2.116686777791476, ""w_vol"": 1.7401571170475716, ""w_exposure"": 8.533446711440595, ""w_unrealized_loss"": 2.989436511189055, ""fixed_profit_yen"": 30745.051791508, ""base_take_profit_pct"": 0.013114321896939353, ""min_take_profit_pct"": 0.0034734254567956035, ""exposure_tp_sensitivity"": 0.7979018059546823, ""vol_tp_multiplier"": 0.9379684096974567}",-1108060.1978738296,-393880.9520445619,488172.87178461254,540185.6198739228,0
2020-09-17,"{""base_buy_amount"": 54275.118692676166, ""max_daily_buy_amount"": 1077795.7500210647, ""score_threshold"": 0.7091495974575888, ""score_scale"": 0.6332328010787595, ""w_drawdown"": 2.0067777877669397, ""w_rsi"": 4.478174406918484, ""w_ma_gap_25"": 3.3580640442792937, ""w_ret_5"": 1.1882918168029866, ""w_trend"": 2.116686777791476, ""w_vol"": 1.7401571170475716, ""w_exposure"": 8.533446711440595, ""w_unrealized_loss"": 2.989436511189055, ""fixed_profit_yen"": 30745.051791508, ""base_take_profit_pct"": 0.013114321896939353, ""min_take_profit_pct"": 0.0034734254567956035, ""exposure_tp_sensitivity"": 0.7979018059546823, ""vol_tp_multiplier"": 0.9379684096974567}",-1096151.0259364212,-381971.78010715364,488172.87178461254,540185.6198739228,0
2020-09-18,"{""base_buy_amount"": 54275.118692676166, ""max_daily_buy_amount"": 1077795.7500210647, ""score_threshold"": 0.7091495974575888, ""score_scale"": 0.6332328010787595, ""w_drawdown"": 2.0067777877669397, ""w_rsi"": 4.478174406918484, ""w_ma_gap_25"": 3.3580640442792937, ""w_ret_5"": 1.1882918168029866, ""w_trend"": 2.116686777791476, ""w_vol"": 1.7401571170475716, ""w_exposure"": 8.533446711440595, ""w_unrealized_loss"": 2.989436511189055, ""fixed_profit_yen"": 30745.051791508, ""base_take_profit_pct"": 0.013114321896939353, ""min_take_profit_pct"": 0.0034734254567956035, ""exposure_tp_sensitivity"": 0.7979018059546823, ""vol_tp_multiplier"": 0.9379684096974567}",-1102256.393878915,-388077.1480496475,488172.87178461254,540185.6198739228,0
2020-09-21,"{""base_buy_amount"": 54275.118692676166, ""max_daily_buy_amount"": 1077795.7500210647, ""score_threshold"": 0.7091495974575888, ""score_scale"": 0.6332328010787595, ""w_drawdown"": 2.0067777877669397, ""w_rsi"": 4.478174406918484, ""w_ma_gap_25"": 3.3580640442792937, ""w_ret_5"": 1.1882918168029866, ""w_trend"": 2.116686777791476, ""w_vol"": 1.7401571170475716, ""w_exposure"": 8.533446711440595, ""w_unrealized_loss"": 2.989436511189055, ""fixed_profit_yen"": 30745.051791508, ""base_take_profit_pct"": 0.013114321896939353, ""min_take_profit_pct"": 0.0034734254567956035, ""exposure_tp_sensitivity"": 0.7979018059546823, ""vol_tp_multiplier"": 0.9379684096974567}",-1124257.2908287176,-410078.04499945,488172.87178461254,540185.6198739228,0
2020-09-21,"{""base_buy_amount"": 54275.118692676166, ""max_daily_buy_amount"": 1077795.7500210647, ""score_threshold"": 0.7091495974575888, ""score_scale"": 0.6332328010787595, ""w_drawdown"": 2.0067777877669397, ""w_rsi"": 4.478174406918484, ""w_ma_gap_25"": 3.3580640442792937, ""w_ret_5"": 1.1882918168029866, ""w_trend"": 2.116686777791476, ""w_vol"": 1.7401571170475716, ""w_exposure"": 8.533446711440595, ""w_unrealized_loss"": 2.989436511189055, ""fixed_profit_yen"": 30745.051791508, ""base_take_profit_pct"": 0.013114321896939353, ""min_take_profit_pct"": 0.0034734254567956035, ""exposure_tp_sensitivity"": 0.7979018059546823, ""vol_tp_multiplier"": 0.9379684096974567}",-1105316.65058849,-391137.4047592225,488172.87178461254,540185.6198739228,0
