date,side,shares,price,value,lot_id,realized_pnl_before_tax,realized_pnl_after_tax,reason
2019-10-08,BUY,4,6718.179590009182,26872.718360036728,0,0.0,0.0,buy_signal
2019-10-09,BUY,14,6557.8491854632875,91809.88859648602,1,0.0,0.0,buy_signal
2019-10-10,SELL,14,6657.906691084091,93210.69367517727,1,1393.6401749593947,1110.5221734163938,take_profit
2019-10-10,BUY,9,6660.570386499608,59945.13347849647,2,0.0,0.0,buy_signal
2019-10-11,BUY,9,6738.160017244549,60643.44015520094,3,0.0,0.0,buy_signal
2019-10-14,SELL,4,6884.864751120401,27539.459004481603,0,658.5031642730557,524.7282464509844,take_profit
2019-10-14,SELL,9,6884.864751120401,61963.78276008361,2,2009.2377615862395,1601.061110319995,take_profit
2019-10-14,SELL,9,6884.864751120401,61963.78276008361,3,1315.5902132200101,1048.3280614043651,take_profit
2019-10-14,BUY,4,6887.619247920208,27550.476991680833,4,0.0,0.0,buy_signal
2019-10-15,SELL,4,7166.724930898618,28666.899723594473,4,1114.2200934007349,887.8662814263756,take_profit
2019-10-15,BUY,3,7169.592194323662,21508.776582970986,5,0.0,0.0,buy_signal
2019-10-16,SELL,3,7429.527171707748,22288.581515123242,5,778.0970882590644,620.0266647792355,take_profit
2019-10-16,BUY,1,7432.4995770575,7432.4995770575,6,0.0,0.0,buy_signal
2019-10-17,BUY,1,7245.918731602842,7245.918731602842,7,0.0,0.0,buy_signal
2019-10-18,BUY,5,6969.335712026916,34846.67856013458,8,0.0,0.0,buy_signal
2019-10-21,SELL,5,7111.298389187579,35556.491945937894,8,707.0856163910838,563.4411734212351,take_profit
2019-10-21,BUY,4,7114.143477560929,28456.573910243715,9,0.0,0.0,buy_signal
2019-10-22,BUY,17,6955.3145140795605,118240.34673935254,10,0.0,0.0,buy_signal
2019-10-23,BUY,22,6975.234307262416,153455.15475977317,11,0.0,0.0,buy_signal
2019-10-24,SELL,17,7084.746034476481,120440.68258610019,10,2182.0049843467605,1738.730671776716,take_profit
2019-10-24,SELL,22,7084.746034476481,155864.4127584826,11,2397.2837361009497,1910.2755451120418,take_profit
2019-10-24,BUY,13,7087.580499783334,92138.54649718334,12,0.0,0.0,buy_signal
2019-10-25,BUY,22,6842.599203627638,150537.18247980805,13,0.0,0.0,buy_signal
2019-10-28,BUY,29,6557.742197494501,190174.52372734054,14,0.0,0.0,buy_signal
2019-10-29,BUY,28,6612.743327331447,185156.81316528053,15,0.0,0.0,buy_signal
2019-10-30,BUY,28,6620.0169916831055,185360.47576712695,16,0.0,0.0,buy_signal
2019-10-31,BUY,29,6562.861162107281,190322.97370111116,17,0.0,0.0,buy_signal
2019-11-01,BUY,28,6574.415002159157,184083.6200604564,18,0.0,0.0,buy_signal
2019-11-04,BUY,29,6471.9591502345,187686.8153568005,19,0.0,0.0,buy_signal
2019-11-05,BUY,31,6243.062620196088,193534.94122607872,20,0.0,0.0,buy_signal
2019-11-06,BUY,31,6213.34099125073,192613.57072877264,21,0.0,0.0,buy_signal
2019-11-07,BUY,32,6098.906501357342,195165.00804343494,22,0.0,0.0,buy_signal
2019-11-08,BUY,33,5889.798615349002,194363.35430651705,23,0.0,0.0,buy_signal
2019-11-11,BUY,33,5944.012960813245,196152.42770683707,24,0.0,0.0,buy_signal
2019-11-12,BUY,33,5929.829731017133,195684.38112356537,25,0.0,0.0,buy_signal
2019-11-13,SELL,33,5991.50255931846,197719.5844575092,23,3310.888598711084,2638.281579882927,take_profit
2019-11-13,BUY,33,5993.899639758276,197798.6881120231,26,0.0,0.0,buy_signal
2019-11-14,BUY,35,5671.678169084599,198508.73591796096,27,0.0,0.0,buy_signal
2019-11-15,BUY,36,5418.040558481663,195049.46010533985,28,0.0,0.0,buy_signal
2019-11-18,BUY,39,5109.0692688990375,199253.70148706247,29,0.0,0.0,buy_signal
2019-11-19,BUY,41,4842.315020022531,198534.91582092378,30,0.0,0.0,buy_signal
2019-11-20,BUY,41,4845.138353514943,198650.6724941127,31,0.0,0.0,buy_signal
2019-11-21,BUY,43,4603.9725301253775,197970.81879539124,32,0.0,0.0,buy_signal
2019-11-22,BUY,42,4647.780542999872,195206.78280599462,33,0.0,0.0,buy_signal
2019-11-25,BUY,42,4667.385002301436,196030.1700966603,34,0.0,0.0,buy_signal
2019-11-26,SELL,41,5116.727244108986,209785.81700846844,30,11175.784982079696,8905.424262970206,take_profit
2019-11-26,SELL,41,5116.727244108986,209785.81700846844,31,11075.245374392638,8825.309276584774,take_profit
2019-11-26,SELL,43,5116.727244108986,220019.27149668642,32,22000.825594838054,17531.357875246704,take_profit
2019-11-26,SELL,42,5116.727244108986,214902.5442525774,33,19664.198801362316,15669.41681486556,take_profit
2019-11-26,SELL,42,5116.727244108986,214902.5442525774,34,18855.873246274128,15025.302596293539,take_profit
2019-11-26,BUY,28,5118.774344426693,143325.68164394738,35,0.0,0.0,buy_signal
2019-11-27,BUY,41,4720.658625656995,193547.0036519368,36,0.0,0.0,buy_signal
2019-11-28,SELL,41,4905.0012972022405,201105.05318529185,36,7542.654058521161,6010.363886532587,take_profit
2019-11-28,BUY,32,4906.963690199721,157022.83808639107,37,0.0,0.0,buy_signal
2019-11-29,BUY,36,4825.265769194682,173709.56769100856,38,0.0,0.0,buy_signal
2019-12-02,BUY,38,4767.1030205651905,181149.91478147724,39,0.0,0.0,buy_signal
2019-12-03,BUY,45,4393.034916824829,197686.57125711732,40,0.0,0.0,buy_signal
2019-12-04,BUY,46,4251.5008396551375,195569.03862413633,41,0.0,0.0,buy_signal
2019-12-05,SELL,46,4374.864451725052,201243.7647793524,41,5659.306792314547,4509.618617455847,take_profit
2019-12-05,BUY,45,4376.61474756491,196947.66364042097,42,0.0,0.0,buy_signal
2019-12-06,BUY,46,4295.44510732846,197590.47493710916,43,0.0,0.0,buy_signal
2019-12-09,BUY,46,4274.7589357221705,196638.91104321985,44,0.0,0.0,buy_signal
2019-12-10,BUY,46,4176.660246725335,192126.37134936542,45,0.0,0.0,buy_signal
2019-12-11,SELL,46,4404.596966815696,202611.46047352202,45,10469.621555237522,8342.71793629102,take_profit
2019-12-11,BUY,30,4406.359158040666,132190.77474122,46,0.0,0.0,buy_signal
2019-12-12,BUY,39,4344.161832434989,169422.3114649646,47,0.0,0.0,buy_signal
2019-12-13,BUY,50,3844.6385405813294,192231.92702906646,48,0.0,0.0,buy_signal
2019-12-16,BUY,53,3682.978787252523,195197.87572438372,49,0.0,0.0,buy_signal
2019-12-17,BUY,59,3313.3689804176183,195488.7698446395,50,0.0,0.0,buy_signal
2019-12-18,BUY,64,3072.4024695077937,196633.7580484988,51,0.0,0.0,buy_signal
2019-12-19,BUY,64,3037.7945739472643,194418.85273262492,52,0.0,0.0,buy_signal
2019-12-20,SELL,64,3138.748486484059,200879.90313497977,52,6445.674623724568,5136.235823914922,take_profit
2019-12-20,BUY,61,3140.004237028761,191540.25845875443,53,0.0,0.0,buy_signal
2019-12-23,BUY,61,3140.643439340148,191579.24979974903,54,0.0,0.0,buy_signal
2019-12-24,BUY,63,3063.584369981252,193005.81530881888,55,0.0,0.0,buy_signal
2019-12-25,BUY,62,2995.5608274854735,185724.77130409935,56,0.0,0.0,buy_signal
2019-12-26,SELL,62,3086.577714894147,191367.81832343712,56,5628.4201020218,4485.006558296071,take_profit
2019-12-26,BUY,53,3087.8125929557173,163654.06742665303,57,0.0,0.0,buy_signal
2019-12-27,BUY,57,3099.073068522982,176647.16490580997,58,0.0,0.0,buy_signal
2019-12-30,BUY,55,3097.1333129956734,170342.33221476202,59,0.0,0.0,buy_signal
2019-12-31,BUY,51,3096.081176295352,157900.13999106296,60,0.0,0.0,buy_signal
2020-01-01,BUY,43,3083.765987380327,132601.93745735404,61,0.0,0.0,buy_signal
2020-01-02,SELL,64,3156.3233961745404,202004.6973551706,51,5204.204149912109,4146.970076857464,take_profit
2020-01-02,SELL,63,3156.3233961745404,198848.37395899606,55,5738.196817820058,4572.482134279913,take_profit
2020-01-02,BUY,39,3157.5861780893933,123145.86094548635,62,0.0,0.0,buy_signal
2020-01-03,SELL,53,3191.5332663010963,169151.2631139581,57,5421.108422750885,4319.810246669043,take_profit
2020-01-03,SELL,57,3191.5332663010963,181917.3961791625,58,5201.903713199681,4145.136973863166,take_profit
2020-01-03,SELL,55,3191.5332663010963,175534.3296465603,59,5139.1173027328905,4095.105622682704,take_profit
2020-01-03,SELL,51,3191.5332663010963,162768.1965813559,60,4831.116202669513,3849.6749460972014,take_profit
2020-01-03,SELL,43,3191.5332663010963,137235.93045094714,61,4613.05874900723,3675.9158641464114,take_profit
2020-01-03,BUY,37,3192.810134981353,118133.97499431005,63,0.0,0.0,buy_signal
2020-01-06,BUY,40,3213.956330996517,128558.25323986067,64,0.0,0.0,buy_signal
2020-01-07,BUY,50,3144.5038813291158,157225.1940664558,65,0.0,0.0,buy_signal
2020-01-08,BUY,37,3175.4638538695053,117492.1625931717,66,0.0,0.0,buy_signal
2020-01-09,BUY,47,3121.4461570070043,146707.9693793292,67,0.0,0.0,buy_signal
2020-01-10,SELL,61,3211.3235779316115,195890.7382538283,53,4131.240620034304,3291.979088074335,take_profit
2020-01-10,SELL,61,3211.3235779316115,195890.7382538283,54,4106.928322677559,3272.605833925613,take_profit
2020-01-10,SELL,47,3211.3235779316115,150932.20816278574,67,4212.6666203558725,3356.8633964305773,take_profit
2020-01-10,BUY,27,3212.6083643200614,86740.42583664166,68,0.0,0.0,buy_signal
2020-01-13,BUY,53,3118.9634447271706,165305.06257054003,69,0.0,0.0,buy_signal
2020-01-14,BUY,52,3113.963391506387,161926.0963583321,70,0.0,0.0,buy_signal
2020-01-15,BUY,54,3113.617676365203,168135.35452372095,71,0.0,0.0,buy_signal
2020-01-16,BUY,59,3027.597671028121,178628.26259065914,72,0.0,0.0,buy_signal
2020-01-17,SELL,59,3132.735149584487,184831.3738254847,72,6188.863743614821,4931.596074099471,take_profit
2020-01-17,BUY,25,3133.9884943132665,78349.71235783167,73,0.0,0.0,buy_signal
2020-01-20,SELL,39,3259.8986350060636,127136.04676523648,62,3876.958076154761,3089.3540429839213,take_profit
2020-01-20,SELL,37,3259.8986350060636,120616.24949522436,63,2383.917347312464,1899.624538205937,take_profit
2020-01-20,SELL,50,3259.8986350060636,162994.9317503032,65,5661.179225932059,4511.110666183961,take_profit
2020-01-20,SELL,37,3259.8986350060636,120616.24949522436,66,3052.7710935038035,2432.6006458585057,take_profit
2020-01-20,SELL,53,3259.8986350060636,172774.62765532138,69,7405.88823341858,5901.382038799596,take_profit
2020-01-20,SELL,52,3259.8986350060636,169514.7290203153,70,7538.584711678973,6007.1212275013895,take_profit
2020-01-20,SELL,54,3259.8986350060636,176034.52629032743,71,7860.109980391479,6263.328637874951,take_profit
2020-01-20,SELL,25,3259.8986350060636,81497.4658751516,73,3141.5155887603037,2503.316696903648,take_profit
2020-01-20,BUY,2,3261.202855304126,6522.405710608252,74,0.0,0.0,buy_signal
2020-01-21,BUY,9,3223.8389996935734,29014.55099724216,75,0.0,0.0,buy_signal
2020-01-22,SELL,40,3285.3215085712577,131412.8603428503,64,2738.1805454302853,2181.919167626123,take_profit
2020-01-22,SELL,27,3285.3215085712577,88703.68073142396,68,1910.8838076696,1522.6877621415208,take_profit
2020-01-22,SELL,9,3285.3215085712577,29567.89357714132,75,551.0789358157084,439.1272500047472,take_profit
2020-01-22,BUY,3,3286.6359000529824,9859.907700158947,76,0.0,0.0,buy_signal
2020-01-23,SELL,2,3320.538356560862,6641.076713121724,74,117.16615879043086,93.36385363215483,take_profit
2020-01-23,BUY,1,3321.8668375996945,3321.8668375996945,77,0.0,0.0,buy_signal
2020-01-24,BUY,37,3125.8990495362596,115658.26483284161,78,0.0,0.0,buy_signal
2020-01-27,BUY,39,3133.5737396196573,122209.37584516664,79,0.0,0.0,buy_signal
2020-01-28,BUY,35,3136.9361192751094,109792.76417462883,80,0.0,0.0,buy_signal
2020-01-29,BUY,37,3142.5984637352376,116276.14315820379,81,0.0,0.0,buy_signal
2020-01-30,BUY,56,3075.203934436214,172211.42032842798,82,0.0,0.0,buy_signal
2020-01-31,BUY,46,3062.431232222493,140871.83668223466,83,0.0,0.0,buy_signal
2020-02-03,BUY,48,3039.5690067149626,145899.3123223182,84,0.0,0.0,buy_signal
2020-02-04,SELL,56,3135.381740755956,175581.37748233354,82,3330.235749270213,2653.6983568059695,take_profit
2020-02-04,SELL,46,3135.381740755956,144227.56007477397,83,3333.8978208046055,2656.61647850815,take_profit
2020-02-04,SELL,48,3135.381740755956,150498.32355628588,84,4587.471751594687,3655.5268652582263,take_profit
2020-02-04,BUY,17,3136.636144332974,53322.814453660554,85,0.0,0.0,buy_signal
2020-02-05,BUY,17,3149.9870068126,53549.779115814206,86,0.0,0.0,buy_signal
2020-02-06,BUY,11,3162.920962781879,34792.13059060067,87,0.0,0.0,buy_signal
2020-02-07,SELL,37,3269.116405111305,120957.30698911828,78,5210.060751581517,4151.636909897732,take_profit
2020-02-07,SELL,39,3269.116405111305,127495.5397993409,79,5201.779746063736,4145.038190650888,take_profit
2020-02-07,SELL,35,3269.116405111305,114419.07417889568,80,4559.01644259975,3632.852252285611,take_profit
2020-02-07,SELL,37,3269.116405111305,120957.30698911828,81,4618.964531489523,3680.6218869174268,take_profit
2020-02-07,SELL,17,3269.116405111305,55574.97888689219,85,2239.6582899859945,1784.6717083753397,take_profit
2020-02-07,SELL,17,3269.116405111305,55574.97888689219,86,2016.8131786538972,1607.097581410358,take_profit
2020-02-07,SELL,11,3269.116405111305,35960.280456224355,87,1165.3901125999962,928.641111225307,take_profit
2020-02-07,BUY,1,3270.4243132549786,3270.4243132549786,88,0.0,0.0,buy_signal
2020-02-10,BUY,4,3231.3364989659467,12925.345995863787,89,0.0,0.0,buy_signal
2020-02-11,BUY,10,3207.2366965917295,32072.366965917296,90,0.0,0.0,buy_signal
2020-02-12,BUY,46,3080.5466702704616,141705.14683244124,91,0.0,0.0,buy_signal
2020-02-13,SELL,46,3188.9185463193185,146690.25313068865,91,4973.837292393361,3963.40224644365,take_profit
2020-02-13,BUY,10,3190.1943689023624,31901.943689023625,92,0.0,0.0,buy_signal
2020-02-14,SELL,10,3252.2649542383133,32522.649542383133,90,442.9637387441052,352.97565521824026,take_profit
2020-02-14,SELL,10,3252.2649542383133,32522.649542383133,92,618.2020394803693,492.6142951599323,take_profit
2020-02-14,BUY,7,3253.5661204532516,22774.96284317276,93,0.0,0.0,buy_signal
2020-02-17,SELL,1,3331.5386424323715,3331.5386424323715,88,59.63279837106189,47.51839538198067,take_profit
2020-02-17,SELL,4,3331.5386424323715,13326.154569729486,89,395.8744079824348,315.4525220008031,take_profit
2020-02-17,SELL,7,3331.5386424323715,23320.7704970266,93,544.0181993372051,433.50090214185195,take_profit
2020-02-17,BUY,2,3332.8715244657506,6665.743048931501,94,0.0,0.0,buy_signal
2020-02-18,SELL,59,3395.644382601601,200343.01857349445,50,4212.184768486448,3356.479432768426,take_profit
2020-02-18,SELL,3,3395.644382601601,10186.933147804804,76,313.10687582837596,249.4992140038414,take_profit
2020-02-18,SELL,1,3395.644382601601,3395.644382601601,77,69.39179339013752,55.29485056293109,take_profit
2020-02-18,BUY,1,3397.002912060533,3397.002912060533,95,0.0,0.0,buy_signal
2020-02-19,SELL,2,3406.8418186300887,6813.683637260177,94,146.90068933292386,117.05781429494039,take_profit
2020-02-20,BUY,1,3421.959864731804,3421.959864731804,96,0.0,0.0,buy_signal
2020-02-21,BUY,3,3400.8988444767074,10202.696533430122,97,0.0,0.0,buy_signal
2020-02-24,BUY,6,3378.3792044946917,20270.27522696815,98,0.0,0.0,buy_signal
2020-02-25,BUY,7,3398.8120430980894,23791.684301686626,99,0.0,0.0,buy_signal
2020-02-26,SELL,1,3503.9559891127064,3503.9559891127064,95,105.38220451960863,83.97380967145014,take_profit
2020-02-26,SELL,1,3503.9559891127064,3503.9559891127064,96,80.94738159985639,64.50292102784556,take_profit
2020-02-26,SELL,3,3503.9559891127064,10511.86796733812,97,306.80661862724025,244.4788540531164,take_profit
2020-02-26,SELL,6,3503.9559891127064,21023.73593467624,98,750.2878524853165,597.8668752529245,take_profit
2020-02-26,SELL,7,3503.9559891127064,24527.691923788945,99,734.125458062482,584.9878712570888,take_profit
2020-02-26,BUY,1,3505.3578518809054,3505.3578518809054,100,0.0,0.0,buy_signal
2020-02-28,BUY,1,3546.500211665223,3546.500211665223,101,0.0,0.0,buy_signal
2020-03-02,BUY,2,3506.369483768165,7012.73896753633,102,0.0,0.0,buy_signal
2020-03-03,BUY,4,3456.1542574306472,13824.617029722589,103,0.0,0.0,buy_signal
2020-03-04,SELL,1,3583.42563911691,3583.42563911691,100,76.71409152670148,61.12962383305207,take_profit
2020-03-04,SELL,2,3583.42563911691,7166.85127823382,102,153.03170759257713,121.94331619514509,take_profit
2020-03-04,SELL,4,3583.42563911691,14333.70255646764,103,507.98555076700995,404.7882861286919,take_profit
2020-03-04,BUY,1,3584.859296103954,3584.859296103954,104,0.0,0.0,buy_signal
2020-03-05,SELL,1,3618.5101127798375,3618.5101127798375,101,70.92247760175178,56.51457627695591,take_profit
2020-03-05,BUY,1,3619.957806363666,3619.957806363666,105,0.0,0.0,buy_signal
2020-03-06,BUY,1,3632.6864008081798,3632.6864008081798,106,0.0,0.0,buy_signal
2020-03-09,BUY,1,3626.452068593989,3626.452068593989,107,0.0,0.0,buy_signal
2020-03-10,BUY,5,3524.5954487269287,17622.977243634643,108,0.0,0.0,buy_signal
2020-03-11,BUY,14,3520.336113196803,49284.70558475524,109,0.0,0.0,buy_signal
2020-03-12,SELL,5,3594.908596612166,17974.54298306083,108,348.8374208305736,277.9710987888426,take_profit
2020-03-12,SELL,14,3594.908596612166,50328.72035257032,109,1040.1572694176916,828.8493201354876,take_profit
2020-03-12,BUY,8,3596.3468477010288,28770.77478160823,110,0.0,0.0,buy_signal
2020-03-13,BUY,14,3568.8157065048895,49963.41989106845,111,0.0,0.0,buy_signal
2020-03-16,BUY,17,3540.2211784058863,60183.76003290007,112,0.0,0.0,buy_signal
2020-03-17,BUY,15,3531.568364580024,52973.52546870036,113,0.0,0.0,buy_signal
2020-03-18,BUY,14,3550.1945861589306,49702.72420622503,114,0.0,0.0,buy_signal
2020-03-19,BUY,45,3425.5458732241477,154149.56429508666,115,0.0,0.0,buy_signal
2020-03-20,BUY,46,3408.888970063449,156808.89262291865,116,0.0,0.0,buy_signal
2020-03-23,BUY,53,3357.004500436739,177921.23852314716,117,0.0,0.0,buy_signal
2020-03-24,SELL,53,3408.4247991551456,180646.51435522272,117,2711.3964309983908,2160.576246041068,take_profit
2020-03-24,BUY,36,3409.7884418033373,122752.38390492013,118,0.0,0.0,buy_signal
2020-03-25,BUY,51,3359.5902635250104,171339.10343977553,119,0.0,0.0,buy_signal
2020-03-26,SELL,51,3399.0905578916368,173353.61845247349,119,2001.200143696263,1594.6563345043671,take_profit
2020-03-26,BUY,30,3400.4504660964344,102013.51398289303,120,0.0,0.0,buy_signal
2020-03-27,SELL,45,3531.2869468580093,158907.9126086104,115,4687.753052672434,3735.436020022029,take_profit
2020-03-27,SELL,46,3531.2869468580093,162439.19955546843,116,5570.16672538335,4438.587355121723,take_profit
2020-03-27,SELL,36,3531.2869468580093,127126.33008688834,118,4345.547728469442,3462.7497074308744,take_profit
2020-03-27,SELL,30,3531.2869468580093,105938.60840574028,120,3916.9901555180722,3121.2536054245757,take_profit
2020-03-27,BUY,5,3532.6997441962203,17663.4987209811,121,0.0,0.0,buy_signal
2020-03-30,BUY,9,3486.421031079257,31377.78927971331,122,0.0,0.0,buy_signal
2020-03-31,BUY,21,3451.5079337372795,72481.66660848288,123,0.0,0.0,buy_signal
2020-04-01,BUY,15,3469.1341402859703,52037.012104289555,124,0.0,0.0,buy_signal
2020-04-02,BUY,17,3479.349916441495,59148.94857950542,125,0.0,0.0,buy_signal
2020-04-03,BUY,44,3405.771621000285,149853.95132401254,126,0.0,0.0,buy_signal
2020-04-06,BUY,29,3447.972721521871,99991.20892413426,127,0.0,0.0,buy_signal
2020-04-07,SELL,17,3583.6730306682507,60922.44152136026,112,666.5852361118127,531.168445395698,take_profit
2020-04-07,SELL,15,3583.6730306682507,53755.09546002376,113,722.0202449684014,575.3418322030707,take_profit
2020-04-07,SELL,5,3583.6730306682507,17918.365153341252,121,245.5323218980299,195.65243070444512,take_profit
2020-04-07,SELL,9,3583.6730306682507,32253.057276014257,122,860.8826108817531,685.9943084811249,take_profit
2020-04-07,SELL,21,3583.6730306682507,75257.13364403327,123,2747.467722655594,2189.31965479811,take_profit
2020-04-07,SELL,15,3583.6730306682507,53755.09546002376,124,1702.079156980525,1356.3017762399313,take_profit
2020-04-07,SELL,17,3583.6730306682507,60922.44152136026,125,1759.8853838368918,1402.3646681104274,take_profit
2020-04-07,SELL,44,3583.6730306682507,157681.61334940302,126,7803.921890982539,6218.555158829436,take_profit
2020-04-07,SELL,29,3583.6730306682507,103926.51788937928,127,3927.309743152485,3129.4767688310576,take_profit
2020-04-07,BUY,2,3585.1067866317103,7170.213573263421,128,0.0,0.0,buy_signal
2020-04-08,BUY,6,3583.581261486366,21501.487568918197,129,0.0,0.0,buy_signal
2020-04-09,BUY,7,3562.3228566530315,24936.25999657122,130,0.0,0.0,buy_signal
2020-04-10,BUY,13,3480.8583296944503,45251.15828602785,131,0.0,0.0,buy_signal
2020-04-13,BUY,10,3515.9492593695863,35159.49259369586,132,0.0,0.0,buy_signal
2020-04-14,BUY,42,3412.8766964186066,143340.82124958147,133,0.0,0.0,buy_signal
2020-04-15,BUY,54,3325.0428324946124,179552.31295470908,134,0.0,0.0,buy_signal
2020-04-16,SELL,54,3432.3906551637465,185349.09537884232,134,5782.550481254072,4607.8253509873075,take_profit
2020-04-16,BUY,27,3433.7638860719935,92711.62492394382,135,0.0,0.0,buy_signal
2020-04-17,BUY,40,3360.459461185676,134418.37844742704,136,0.0,0.0,buy_signal
2020-04-20,SELL,40,3447.9123719481713,137916.49487792686,136,3487.520667082924,2779.0308435650277,take_profit
2020-04-20,BUY,15,3449.291812785118,51739.37719177677,137,0.0,0.0,buy_signal
2020-04-21,SELL,13,3574.9325988756905,46474.12378538398,131,1198.9317601005157,955.368773036096,take_profit
2020-04-21,SELL,10,3574.9325988756905,35749.32598875691,132,574.0396236621856,457.42347411521257,take_profit
2020-04-21,SELL,42,3574.9325988756905,150147.169152779,133,6751.028141744934,5379.556774749451,take_profit
2020-04-21,SELL,27,3574.9325988756905,96523.18016964365,135,3790.022794994359,3020.0796641912552,take_profit
2020-04-21,SELL,15,3574.9325988756905,53623.98898313536,137,1880.5004026092638,1498.4767458191918,take_profit
2020-04-21,BUY,1,3576.362857967059,3576.362857967059,138,0.0,0.0,buy_signal
2020-04-22,BUY,1,3598.555359523725,3598.555359523725,139,0.0,0.0,buy_signal
2020-04-23,SELL,1,3652.646797883871,3652.646797883871,104,58.1320218890536,46.32250164229236,take_profit
2020-04-23,SELL,14,3652.646797883871,51137.055170374195,111,1065.3847683836345,848.9518526864993,take_profit
2020-04-23,SELL,14,3652.646797883871,51137.055170374195,114,1337.488962186089,1065.7780795179851,take_profit
2020-04-23,SELL,2,3652.646797883871,7305.293595767742,128,128.64183681616663,102.50824766696238,take_profit
2020-04-23,SELL,6,3652.646797883871,21915.880787303227,129,396.72528917795034,316.13054668144974,take_profit
2020-04-23,SELL,7,3652.646797883871,25568.527585187097,130,613.5686630838508,488.92218917836647,take_profit
2020-04-23,SELL,1,3652.646797883871,3652.646797883871,138,75.72874124813227,60.3444474635742,take_profit
2020-04-23,BUY,1,3654.1081488732225,3654.1081488732225,140,0.0,0.0,buy_signal
2020-04-24,SELL,53,3801.6432725346017,201487.09344433388,49,5016.8265839536125,3997.658263423436,take_profit
2020-04-24,SELL,1,3801.6432725346017,3801.6432725346017,105,172.0164219421781,137.07128582462462,take_profit
2020-04-24,SELL,1,3801.6432725346017,3801.6432725346017,106,159.56665198110775,127.15068663114572,take_profit
2020-04-24,SELL,1,3801.6432725346017,3801.6432725346017,107,166.0778592924629,132.33914217719905,take_profit
2020-04-24,SELL,8,3801.6432725346017,30413.146180276814,110,1575.9928591646135,1255.8299098253224,take_profit
2020-04-24,SELL,1,3801.6432725346017,3801.6432725346017,139,202.51673282047352,161.37545854799433,take_profit
2020-04-24,SELL,1,3801.6432725346017,3801.6432725346017,140,147.2433158929395,117.33083626928885,take_profit
2020-04-28,BUY,1,3737.9798260629623,3737.9798260629623,141,0.0,0.0,buy_signal
2020-04-29,BUY,5,3629.3265432149597,18146.632716074797,142,0.0,0.0,buy_signal
2020-04-30,BUY,7,3632.6648640481167,25428.654048336815,143,0.0,0.0,buy_signal
2020-05-01,SELL,5,3766.0121285246573,18830.060642623288,142,680.5879231057829,542.3264865268432,take_profit
2020-05-01,SELL,7,3766.0121285246573,26362.0848996726,143,931.4099095751743,742.1939864449777,take_profit
2020-05-01,BUY,2,3767.5188347173057,7535.037669434611,144,0.0,0.0,buy_signal
2020-05-04,SELL,1,3840.3599361895863,3840.3599361895863,141,101.23819561074173,80.67165617241955,take_profit
2020-05-04,SELL,2,3840.3599361895863,7680.719872379173,144,145.09211768760858,115.6166539793709,take_profit
2020-05-05,BUY,1,3755.302345213644,3755.302345213644,145,0.0,0.0,buy_signal
2020-05-06,BUY,1,3707.307985973683,3707.307985973683,146,0.0,0.0,buy_signal
2020-05-07,BUY,2,3662.6923175051215,7325.384635010243,147,0.0,0.0,buy_signal
2020-05-08,BUY,4,3691.98656861288,14767.94627445152,148,0.0,0.0,buy_signal
2020-05-11,BUY,8,3675.708223566611,29405.66578853289,149,0.0,0.0,buy_signal
2020-05-12,BUY,5,3699.193808148365,18495.969040741824,150,0.0,0.0,buy_signal
2020-05-13,SELL,2,3719.7508676100306,7439.501735220061,147,111.84997288858185,89.12765089626645,take_profit
2020-05-13,BUY,2,3721.239065596672,7442.478131193344,151,0.0,0.0,buy_signal
2020-05-14,BUY,2,3707.9419604781897,7415.883920956379,152,0.0,0.0,buy_signal
2020-05-15,BUY,3,3700.890325855673,11102.670977567019,153,0.0,0.0,buy_signal
2020-05-18,BUY,2,3719.7359144347315,7439.471828869463,154,0.0,0.0,buy_signal
2020-05-19,BUY,4,3715.231204416486,14860.924817665944,155,0.0,0.0,buy_signal
2020-05-20,SELL,4,3743.351919706694,14973.407678826776,148,196.3584660256658,156.4682436525518,take_profit
2020-05-20,SELL,8,3743.351919706694,29946.81535765355,149,525.1985416855671,418.50445794214414,take_profit
2020-05-20,SELL,5,3743.351919706694,18716.75959853347,150,212.23796093469926,169.12181917081512,take_profit
2020-05-20,SELL,3,3743.351919706694,11230.055759120081,153,124.81125990052922,99.45585245173672,take_profit
2020-05-20,BUY,3,3744.849560002636,11234.548680007907,156,0.0,0.0,buy_signal
2020-05-21,SELL,50,3913.0961461532706,195654.80730766352,48,1936.7632654093063,1543.3098080414056,take_profit
2020-05-21,SELL,1,3913.0961461532706,3913.0961461532706,145,154.36983870136262,123.00960596918081,take_profit
2020-05-21,SELL,1,3913.0961461532706,3913.0961461532706,146,202.64814152899018,161.4801715773758,take_profit
2020-05-21,SELL,2,3913.0961461532706,7826.192292306541,151,380.2632113153057,303.01273993660135,take_profit
2020-05-21,SELL,2,3913.0961461532706,7826.192292306541,152,407.42479474621655,324.65644769352264,take_profit
2020-05-21,SELL,2,3913.0961461532706,7826.192292306541,154,384.9742370407098,306.7667207858896,take_profit
2020-05-21,SELL,4,3913.0961461532706,15652.384584613083,155,789.1061687894816,628.7992505998984,take_profit
2020-05-21,SELL,3,3913.0961461532706,11739.288438459811,156,503.8387334702103,401.4838947657371,take_profit
2020-05-26,BUY,1,3823.9876479878244,3823.9876479878244,157,0.0,0.0,buy_signal
2020-05-27,BUY,1,3882.241948650334,3882.241948650334,158,0.0,0.0,buy_signal
2020-05-28,BUY,15,3710.370506286441,55655.55759429662,159,0.0,0.0,buy_signal
2020-05-29,BUY,41,3589.80778295307,147182.11910107586,160,0.0,0.0,buy_signal
2020-06-01,SELL,41,3655.0240339424827,149855.9853916418,160,2662.3287566439744,2121.476669731751,take_profit
2020-06-01,BUY,23,3656.4863360164745,84099.18572837891,161,0.0,0.0,buy_signal
2020-06-02,SELL,23,3725.1262173276823,85677.9029985367,161,1572.1397035498105,1252.7595227736665,take_profit
2020-06-02,BUY,6,3726.6165658843242,22359.699395305946,162,0.0,0.0,buy_signal
2020-06-03,BUY,10,3717.9983411291755,37179.98341129175,163,0.0,0.0,buy_signal
2020-06-04,BUY,25,3578.368422610166,89459.21056525415,164,0.0,0.0,buy_signal
2020-06-05,BUY,20,3557.1480313776988,71142.96062755397,165,0.0,0.0,buy_signal
2020-06-08,BUY,35,3501.3880685173467,122548.58239810713,166,0.0,0.0,buy_signal
2020-06-09,SELL,35,3559.983322052691,124599.4162718442,166,2041.2841866345243,1626.5973041197208,take_profit
2020-06-09,BUY,20,3561.407600237149,71228.15200474298,167,0.0,0.0,buy_signal
2020-06-10,SELL,25,3733.974025487352,93349.3506371838,164,3862.604418480412,3077.9163308661164,take_profit
2020-06-10,SELL,20,3733.974025487352,74679.48050974704,165,3519.9468052846246,2804.869611791053,take_profit
2020-06-10,SELL,20,3733.974025487352,74679.48050974704,167,3445.590206872539,2745.618556346383,take_profit
2020-06-10,BUY,1,3735.467913875224,3735.467913875224,168,0.0,0.0,buy_signal
2020-06-12,BUY,1,3706.568863159686,3706.568863159686,169,0.0,0.0,buy_signal
2020-06-15,BUY,3,3625.9955014445027,10877.986504333508,170,0.0,0.0,buy_signal
2020-06-16,BUY,4,3597.8891336451584,14391.556534580634,171,0.0,0.0,buy_signal
2020-06-17,BUY,12,3589.9768138180316,43079.72176581638,172,0.0,0.0,buy_signal
2020-06-18,BUY,35,3499.6420300655423,122487.47105229399,173,0.0,0.0,buy_signal
2020-06-19,BUY,26,3522.1408914956532,91575.66317888699,174,0.0,0.0,buy_signal
2020-06-22,BUY,38,3422.8811863642063,130069.48508183984,175,0.0,0.0,buy_signal
2020-06-23,SELL,38,3513.02912490465,133495.1067463767,175,3415.368963529572,2721.536758588539,take_profit
2020-06-23,BUY,13,3514.4346176531612,45687.650029491095,176,0.0,0.0,buy_signal
2020-06-24,SELL,35,3601.5595373061174,126054.58380571411,173,3529.3475098011454,2812.360563185043,take_profit
2020-06-24,SELL,26,3601.5595373061174,93640.54796995905,174,2043.8431874372495,1628.6364439093722,take_profit
2020-06-24,SELL,13,3601.5595373061174,46820.273984979525,176,1129.0313320628543,899.6686169542854,take_profit
2020-06-24,BUY,3,3603.000449303439,10809.001347910316,177,0.0,0.0,buy_signal
2020-06-25,SELL,3,3683.750583297063,11051.251749891188,170,166.71573118877944,132.8474303977789,take_profit
2020-06-25,SELL,4,3683.750583297063,14735.002333188251,171,335.8191307839784,267.5974743652132,take_profit
2020-06-25,SELL,12,3683.750583297063,44205.00699956475,172,1105.71238764034,881.086916091205,take_profit
2020-06-25,SELL,3,3683.750583297063,11051.251749891188,177,241.4008021657639,192.36022920578898,take_profit
2020-06-26,BUY,1,3649.3354878649043,3649.3354878649043,178,0.0,0.0,buy_signal
2020-07-01,BUY,1,3651.822992380205,3651.822992380205,179,0.0,0.0,buy_signal
2020-07-02,BUY,4,3634.363607917034,14537.454431668137,180,0.0,0.0,buy_signal
2020-07-03,BUY,16,3538.0053683291517,56608.08589326643,181,0.0,0.0,buy_signal
2020-07-06,BUY,42,3427.1537473370313,143940.4573881553,182,0.0,0.0,buy_signal
2020-07-07,SELL,42,3477.182618735438,146041.66998688842,182,2089.9672632977868,1665.3904137588413,take_profit
2020-07-07,BUY,22,3478.5737700131876,76528.62294029012,183,0.0,0.0,buy_signal
2020-07-08,BUY,28,3475.16318592401,97304.56920587228,184,0.0,0.0,buy_signal
2020-07-09,BUY,20,3502.6729929735425,70053.45985947085,185,0.0,0.0,buy_signal
2020-07-10,SELL,22,3579.701903302013,78753.44187264428,183,2207.0131142254945,1758.6584000705852,take_profit
2020-07-10,SELL,28,3579.701903302013,100231.65329245637,184,2911.892032619561,2320.341166192897,take_profit
2020-07-10,SELL,20,3579.701903302013,71594.03806604026,185,1535.0910627627154,1223.2373133624696,take_profit
2020-07-10,BUY,3,3581.134070496773,10743.402211490318,186,0.0,0.0,buy_signal
2020-07-13,BUY,3,3444.855618684953,10334.566856054858,187,0.0,0.0,buy_signal
2020-07-14,BUY,5,3382.4906716346227,16912.453358173112,188,0.0,0.0,buy_signal
2020-07-15,BUY,4,3407.9387718319467,13631.755087327787,189,0.0,0.0,buy_signal
2020-07-16,BUY,3,3431.2120385184035,10293.636115555211,190,0.0,0.0,buy_signal
2020-07-17,BUY,4,3400.883389409488,13603.533557637951,191,0.0,0.0,buy_signal
2020-07-20,SELL,5,3482.0205249253668,17410.102624626834,188,492.3814496762899,392.35415817455157,take_profit
2020-07-20,SELL,4,3482.0205249253668,13928.082099701467,189,293.1569552990938,233.6021198300829,take_profit
2020-07-20,SELL,4,3482.0205249253668,13928.082099701467,191,323.4781554176515,257.7635681445556,take_profit
2020-07-20,BUY,1,3483.4136117527023,3483.4136117527023,192,0.0,0.0,buy_signal
2020-07-21,SELL,3,3516.054881155648,10548.164643466946,190,252.13439266724603,200.913290796895,take_profit
2020-07-21,BUY,1,3517.461584448769,3517.461584448769,193,0.0,0.0,buy_signal
2020-07-22,BUY,2,3418.469517857058,6836.939035714116,194,0.0,0.0,buy_signal
2020-07-23,BUY,5,3357.483334841933,16787.416674209664,195,0.0,0.0,buy_signal
2020-07-24,BUY,2,3408.380003683847,6816.760007367694,196,0.0,0.0,buy_signal
2020-07-27,SELL,5,3453.7999900652094,17268.999950326048,195,478.9524306996853,381.65324440304425,take_profit
2020-07-27,BUY,2,3455.181786420507,6910.363572841014,197,0.0,0.0,buy_signal
2020-07-28,BUY,6,3305.598185837237,19833.589115023424,198,0.0,0.0,buy_signal
2020-07-29,SELL,6,3408.7850918886534,20452.71055133192,198,617.5516531410512,492.0960348054467,take_profit
2020-07-29,BUY,2,3410.1488786827676,6820.297757365535,199,0.0,0.0,buy_signal
2020-07-30,BUY,1,3475.6719466268364,3475.6719466268364,200,0.0,0.0,buy_signal
2020-07-31,SELL,3,3568.3885807066563,10705.165742119969,187,359.55378984688696,286.51043743949185,take_profit
2020-07-31,SELL,1,3568.3885807066563,3568.3885807066563,192,82.60672165483115,65.8251661506522,take_profit
2020-07-31,SELL,2,3568.3885807066563,7136.777161413313,194,296.1637719411855,235.99810167133364,take_profit
2020-07-31,SELL,2,3568.3885807066563,7136.777161413313,196,317.37995338012155,252.90421585094987,take_profit
2020-07-31,SELL,2,3568.3885807066563,7136.777161413313,197,224.30539940471144,178.73775751564432,take_profit
2020-07-31,SELL,2,3568.3885807066563,7136.777161413313,199,315.4021455244611,251.32819966116682,take_profit
2020-07-31,SELL,1,3568.3885807066563,3568.3885807066563,200,92.44325936109963,73.66341122189225,take_profit
2020-08-05,BUY,1,3433.92601185658,3433.92601185658,201,0.0,0.0,buy_signal
2020-08-06,SELL,16,3638.175873602953,58210.813977647245,181,1500.8311496672113,1195.9373016123172,take_profit
2020-08-06,SELL,1,3638.175873602953,3638.175873602953,193,117.53248487056209,93.6557605691074,take_profit
2020-08-06,SELL,1,3638.175873602953,3638.175873602953,201,203.97138713630034,162.53459983956094,take_profit
2020-08-10,SELL,1,3735.3497428764463,3735.3497428764463,178,77.6824454310842,61.901256641759446,take_profit
2020-08-10,SELL,1,3735.3497428764463,3735.3497428764463,179,76.04276834900179,60.59467995890208,take_profit
2020-08-10,SELL,4,3735.3497428764463,14941.398971505785,180,375.12451204682867,298.91796742451544,take_profit
2020-08-10,SELL,3,3735.3497428764463,11206.04922862934,186,445.86597266064126,355.288300314632,take_profit
2020-08-13,BUY,1,3583.5127690698905,3583.5127690698905,202,0.0,0.0,buy_signal
2020-08-14,BUY,1,3564.170434261407,3564.170434261407,203,0.0,0.0,buy_signal
2020-08-17,BUY,1,3637.065561750152,3637.065561750152,204,0.0,0.0,buy_signal
2020-08-18,BUY,2,3543.908337503013,7087.816675006026,205,0.0,0.0,buy_signal
2020-08-19,SELL,2,3615.3548263457883,7230.709652691577,205,142.33695766783512,113.42120471761442,take_profit
2020-08-19,BUY,1,3616.8012575625694,3616.8012575625694,206,0.0,0.0,buy_signal
2020-08-20,SELL,1,3658.8474399802253,3658.8474399802253,203,93.56860599749605,74.56014368910473,take_profit
2020-08-21,BUY,1,3588.128107634883,3588.128107634883,207,0.0,0.0,buy_signal
2020-08-24,BUY,2,3541.5215713565185,7083.043142713037,208,0.0,0.0,buy_signal
2020-08-25,BUY,2,3504.400169569217,7008.800339138434,209,0.0,0.0,buy_signal
2020-08-26,BUY,3,3501.988292688903,10505.964878066708,210,0.0,0.0,buy_signal
2020-08-27,BUY,4,3474.3093341960716,13897.237336784287,211,0.0,0.0,buy_signal
2020-08-28,BUY,6,3395.229561891634,20371.377371349805,212,0.0,0.0,buy_signal
2020-08-31,BUY,7,3380.0966438112237,23660.676506678567,213,0.0,0.0,buy_signal
2020-09-01,BUY,10,3310.353393013709,33103.53393013709,214,0.0,0.0,buy_signal
2020-09-02,BUY,13,3221.5166846104044,41879.71689993526,215,0.0,0.0,buy_signal
2020-09-03,BUY,13,3212.438966635068,41761.70656625588,216,0.0,0.0,buy_signal
2020-09-04,SELL,13,3280.9833418340195,42652.78344384225,216,887.8062389846502,707.4484015349185,take_profit
2020-09-04,BUY,9,3282.2959977019264,29540.663979317338,217,0.0,0.0,buy_signal
2020-09-07,BUY,13,3171.886584155491,41234.52559402138,218,0.0,0.0,buy_signal
2020-09-08,BUY,12,3176.565678549173,38118.78814259007,219,0.0,0.0,buy_signal
2020-09-09,BUY,13,3131.7641450343913,40712.933885447084,220,0.0,0.0,buy_signal
2020-09-10,BUY,14,3060.804197116555,42851.25875963177,221,0.0,0.0,buy_signal
2020-09-11,SELL,14,3126.445977738289,43770.24368833605,221,915.6263978811924,729.6168951516281,take_profit
2020-09-11,BUY,12,3127.6968062950955,37532.36167554115,222,0.0,0.0,buy_signal
2020-09-14,BUY,12,3099.659138133793,37195.909657605516,223,0.0,0.0,buy_signal
2020-09-15,SELL,13,3192.3780577800126,41500.91475114016,220,775.5278624199827,617.9793771693633,take_profit
2020-09-15,SELL,12,3192.3780577800126,38308.53669336015,222,770.3821787636379,613.8790391478049,take_profit
2020-09-15,SELL,12,3192.3780577800126,38308.53669336015,223,1109.6820150504575,884.250113692957,take_profit
2020-09-15,BUY,5,3193.6552644444573,15968.276322222286,224,0.0,0.0,buy_signal
2020-09-16,BUY,7,3145.7843508145556,22020.49045570189,225,0.0,0.0,buy_signal
2020-09-17,BUY,5,3180.305546163252,15901.52773081626,226,0.0,0.0,buy_signal
2020-09-18,BUY,5,3155.3718512329315,15776.859256164658,227,0.0,0.0,buy_signal
2020-09-21,BUY,7,3113.118954367747,21791.83268057423,228,0.0,0.0,buy_signal
