final_equity,max_drawdown_pct,min_equity,forced_liquidations,ruined
7218809.929535188,0.5367707892731822,2884896.8073158865,0,0.0
240353.58010766777,0.9832441083522719,88346.76742070029,98,0.0
6003219.007805243,0.03615956302881587,4862982.771963263,0,0.0
7365900.4885568395,0.13471412850784206,4973524.893333857,0,0.0
7929487.838813096,0.12956530571196895,4877346.968233038,0,0.0
7330560.368056861,0.4596681265300731,3438698.2380434577,0,0.0
7767960.518493675,0.2130071957475027,4465047.698911558,0,0.0
6125895.922460365,0.6562038157793626,2033416.0917087896,0,0.0
6789775.589192469,0.3470902933124707,4565474.171010314,0,0.0
7527766.5621269625,0.2924969177063782,3768491.302991149,0,0.0
8268312.165517817,0.1932862075159982,4458265.64281588,0,0.0
7472087.648071056,0.20649035837364596,4156261.085606786,0,0.0
7824742.686077548,0.18197624216247674,4905446.585409636,0,0.0
6897037.307503707,0.6447712929967527,1962446.8859323887,0,0.0
8568517.86027535,0.2628188937581418,3867045.5625655665,0,0.0
6889764.05902881,0.0652360294172427,4991014.472267315,0,0.0
7843986.7242787015,0.09135558247058136,4944748.737426604,0,0.0
5210273.171759924,0.6512950097286654,2151431.752740817,0,0.0
7715367.9352548765,0.19583742212573543,4533121.850639362,0,0.0
7466574.750120138,0.2795723391101502,4904101.693732556,0,0.0
8213636.682644758,0.13131782451422144,4544433.053933335,0,0.0
7535337.640238409,0.23315277125989625,4051657.4402740085,0,0.0
7907325.382157506,0.21400723971346147,3975681.1012018174,0,0.0
8218459.661307838,0.23376045913214272,4423801.4340550825,0,0.0
8132079.76334299,0.22344079464779112,4729677.755320025,0,0.0
8083466.971826095,0.26147178143735156,3780158.1772901695,0,0.0
6429780.530107869,0.11641896819740752,4601860.540851772,0,0.0
8748569.172185658,0.2616665410017079,4381711.180205441,0,0.0
7465288.543410772,0.15384788994639054,4752930.185748188,0,0.0
8367431.131061043,0.18766983584959776,4833927.168331498,0,0.0
8418241.368123537,0.19073961830456637,4414689.029650566,0,0.0
7981673.192564152,0.06379880602274317,4977579.826853038,0,0.0
6915086.416416737,0.29800921136941877,4920350.50941036,0,0.0
7038332.456256557,0.08966104016914325,4870998.421713787,0,0.0
8437452.720461326,0.2105122443467005,4358665.043831327,0,0.0
8181536.774869747,0.3012785138518505,3794159.354419507,0,0.0
8187913.8365310505,0.3210175008039715,3548719.800634682,0,0.0
7083919.0470798,0.1623575861415452,4969238.490286946,0,0.0
7900718.787107801,0.21490488296783392,4864413.1216948,0,0.0
8258475.354248244,0.36098867322279793,3696237.8006188716,0,0.0
8208106.153863876,0.14949068266951562,4717856.102733925,0,0.0
7150196.102895402,0.16746383867299847,4452003.802451184,0,0.0
8129996.583589785,0.14859209990428887,4923085.607564161,0,0.0
7560982.317244139,0.24368272398274707,4590898.59998065,0,0.0
8134385.861152669,0.3513678402898272,3830856.4158573356,0,0.0
8038333.425226888,0.1549207239171551,4537302.208159853,0,0.0
8656432.318334887,0.2956460779515329,3647078.4430227904,0,0.0
8334758.293030967,0.2303460893321846,4494292.187927178,0,0.0
6999999.592405098,0.032516064327429935,4970669.421633408,0,0.0
8479732.815659449,0.09508230407548825,4767673.237464164,0,0.0
8007711.065187903,0.20353837513533662,4022955.6368670547,0,0.0
5313183.649253955,0.5574107789688735,3040723.209078024,0,0.0
8162218.585641744,0.28724232762210256,3640057.448251862,0,0.0
8448463.87407369,0.13409937692756577,4883638.5603320245,0,0.0
7944145.108395666,0.09170129435938044,4752769.377189435,0,0.0
7385361.376621388,0.048975441555944486,4993575.614220094,0,0.0
7911160.3255892955,0.19190738608651933,4525746.64870306,0,0.0
7086039.9454315305,0.11387729931397107,4745321.039903461,0,0.0
6835938.834686299,0.28081689054669257,4676686.849235664,0,0.0
8341404.511729184,0.08485717120795744,4967274.5929119475,0,0.0
7232376.882884275,0.15949429012613223,4935932.871176486,0,0.0
7868894.385346649,0.22614808625508842,4684925.001077242,0,0.0
8250434.012849115,0.21633680371965003,4322577.998639139,0,0.0
8464194.084778266,0.19183349208826095,4466058.228258415,0,0.0
8249606.653766754,0.0665286460679215,4853974.174074272,0,0.0
7952024.748230735,0.4757357532305973,2882754.6353899697,0,0.0
8133978.064123478,0.2300835995119263,4252823.280604353,0,0.0
6552377.880750623,0.09901557107621241,4672997.630323338,0,0.0
8183764.819021402,0.18034611056341407,4556895.531342088,0,0.0
8654525.579136852,0.13789654575947954,4900325.783311103,0,0.0
7987246.187113582,0.34219914113810856,3496253.043590591,0,0.0
7563600.821412871,0.15782441281025336,4575097.103622214,0,0.0
7350521.495586818,0.1274586044622801,4890197.425255205,0,0.0
8040502.824349867,0.17396415408225885,4832478.230577948,0,0.0
5937870.188521942,0.3536432627959033,3964389.312145276,0,0.0
7506055.932838986,0.04714412890339753,4863192.65750988,0,0.0
7943436.290782278,0.18822783639491386,4661780.039974232,0,0.0
7412677.545904788,0.5415713340735437,2522631.952733515,0,0.0
7674450.166988877,0.5058596553199372,3080374.064850009,0,0.0
7391902.423891936,0.19069398459072456,4929134.675942607,0,0.0
7709834.920188615,0.4345554880352519,3740730.6488586296,0,0.0
7313283.189346715,0.1644710463497766,4991545.21559523,0,0.0
8517567.529626278,0.2831170746212781,4019165.739351551,0,0.0
8221034.99409834,0.12254760015461087,4928912.050235236,0,0.0
7128289.036405414,0.5550357660641986,2497613.3854349228,0,0.0
7916787.878260875,0.137384859990367,4491741.277534299,0,0.0
8217431.15609266,0.1659143326736723,4675699.312806796,0,0.0
8399055.550285395,0.3075794033334837,4078645.1308342344,0,0.0
7531181.690622525,0.44125540704333116,3213899.918948816,0,0.0
8071677.855302265,0.10504485698584454,4744117.630161006,0,0.0
7886545.866849934,0.16082985880678363,4838693.259673984,0,0.0
7053363.525898816,0.11074679442914011,4898130.551137009,0,0.0
8165952.121193331,0.13372574433248108,4897151.050828643,0,0.0
7883608.167027856,0.381369640506058,3707078.774704444,0,0.0
8620572.813292122,0.11094075369465678,4609483.2243857365,0,0.0
7848756.228461666,0.1931084055283779,4813756.575039642,0,0.0
7283651.8164190315,0.4627499434198137,3605299.962027991,0,0.0
5438556.939741184,0.5771684540227457,2758048.7832964864,0,0.0
8499944.696259618,0.13230320866719822,4986447.371970754,0,0.0
7978059.873967897,0.22848020033430136,4728189.57062179,0,0.0
7702011.955953848,0.48490330357042016,3186018.3414199213,0,0.0
8264006.024542011,0.34445361881685227,3476563.608104935,0,0.0
8055730.792315543,0.38575819381070703,4110132.1066676895,0,0.0
7632700.538751551,0.5170934974035698,2515492.902729683,0,0.0
7516578.793257981,0.23956776225940107,3809551.6670234064,0,0.0
7940712.866390584,0.13473929422070074,5000000.0,0,0.0
7679858.746220289,0.22873084330843169,4007346.313245398,0,0.0
6811904.3834494045,0.15247984327252648,4981894.172537566,0,0.0
8113076.461138156,0.15018349843318896,4818275.725641558,0,0.0
7406910.674549803,0.09370969780847503,4951168.129897479,0,0.0
8253260.279550823,0.2650117861418345,4172436.0084154997,0,0.0
8019502.5168667445,0.0883880840715195,4914647.3775037145,0,0.0
6697777.467635764,0.03378037749265081,4879037.074163008,0,0.0
8389765.36141607,0.17880549768568613,4985617.760755054,0,0.0
7707228.582044062,0.2294486109059146,4518243.712782477,0,0.0
8506549.723143583,0.3034005866170094,3811357.7600591574,0,0.0
7427083.371691601,0.24500667742491683,4812392.445586828,0,0.0
2479867.517446516,0.7251821391502361,1906102.2889475608,0,0.0
7679975.524023624,0.22545155645499568,4241573.986308572,0,0.0
7624500.353067078,0.10410967551725782,4783026.479968875,0,0.0
3690949.3914379533,0.5378414003304317,3320908.115840695,0,0.0
6569093.960091978,0.34931986437199924,4328859.451238407,0,0.0
6884445.744103858,0.17653318313966132,4955675.506303417,0,0.0
7165460.042273397,0.11452470364809833,4956503.081800294,0,0.0
8207747.938404807,0.20049030780690028,4038792.0421511643,0,0.0
7862561.5875250045,0.41143503064919146,3599878.786618291,0,0.0
7410062.743863683,0.15033438693926832,4387643.2759283185,0,0.0
8085364.04962808,0.39312928491715293,3758833.9506405755,0,0.0
7460400.476621059,0.1281990752314483,4596325.408428917,0,0.0
6534921.979305809,0.3290369098041897,3929086.028983862,0,0.0
7863238.917415419,0.08974128647529533,4951272.004401475,0,0.0
6892661.082065978,0.2945090743734334,4706195.153852314,0,0.0
7897061.241357667,0.5974632655944194,2026576.021888068,0,0.0
7516273.835006123,0.3214379193178983,3503200.6388842887,0,0.0
8304143.66529727,0.12421377632050297,4623446.635783157,0,0.0
7971380.214659003,0.34175458751545595,3638306.510597444,0,0.0
8242090.841434189,0.14894589265317815,4836845.798454859,0,0.0
7007574.309952831,0.22604664620356693,4345343.552651893,0,0.0
7479499.457490136,0.3120098794801453,4340847.0461968575,0,0.0
6757639.438142957,0.33416952439557335,4206800.091981663,0,0.0
8151552.95969354,0.2598236922461374,4205098.370952775,0,0.0
8380424.5169154545,0.36524405390748305,4016791.3889202722,0,0.0
7983192.57220136,0.18754506326433193,4893584.1973549845,0,0.0
7511463.446372043,0.290524304636766,3656269.3412696663,0,0.0
7801245.955040529,0.3070600024375368,4330383.700556824,0,0.0
7188992.139582736,0.45226918067667,3350081.9907239084,0,0.0
8245595.691629165,0.39187512220585485,3280256.285729507,0,0.0
7667984.97490052,0.18850647690998312,4686924.199507647,0,0.0
8675150.655335817,0.16438704990826317,4652175.87763021,0,0.0
3587369.665368854,0.6464948505331419,2673481.506931806,0,0.0
7761752.597398017,0.15720375415780025,4806457.835911215,0,0.0
7709177.705240894,0.16900505056373416,4903157.5396126285,0,0.0
8293681.555385786,0.2958507861118418,4373212.852909161,0,0.0
7924666.245607291,0.1201748627956464,4803491.743397809,0,0.0
8158770.617754143,0.15466261520058175,4929828.5648341,0,0.0
7087493.411388371,0.22963158048439958,4958974.495526435,0,0.0
7203462.734485944,0.09786841862692745,4808438.159030909,0,0.0
7372358.699307924,0.217166782464549,4517828.765902147,0,0.0
7532043.630578126,0.10832561929572172,4788280.289477412,0,0.0
1902661.9014369969,0.9109875801307168,466767.08389165055,12,0.0
4780521.345513731,0.5504019985825254,3017100.985527076,0,0.0
7155720.74800111,0.08852704015986299,4997362.434156139,0,0.0
6664813.854210156,0.08402699051492665,4993593.042730996,0,0.0
8395260.155949997,0.37138573108314876,4248610.902971139,0,0.0
7291006.128518363,0.40128158863794705,4299130.733292803,0,0.0
7394155.736852779,0.1197343194030062,4943274.251612129,0,0.0
7939267.66438514,0.25143663446433323,3828079.4057269217,0,0.0
6543193.935117237,0.0687475818386371,4927303.739332027,0,0.0
7790892.5394005235,0.2690991914433654,4356350.521231867,0,0.0
7779449.080439407,0.33609528921610005,3768034.482909132,0,0.0
7457964.987020455,0.0387179533005374,4888392.107056274,0,0.0
8014856.936293688,0.27958074488234413,4723609.133936644,0,0.0
7630415.247777255,0.06548055490626493,4822749.661878247,0,0.0
7936690.036913958,0.21656650101688812,4707509.4399540415,0,0.0
7727697.041669264,0.11734934881906363,4840344.030411305,0,0.0
8412995.345338212,0.28096460813748403,4385680.957821945,0,0.0
7964193.042617785,0.4316899858361739,4120262.3169380063,0,0.0
8274699.735560405,0.16367065218738933,4644183.679032481,0,0.0
7775847.994386867,0.298925826912518,4199834.092004528,0,0.0
8770956.406694412,0.1953133750149177,4908249.060237434,0,0.0
8190708.170604614,0.22195226040655278,4379905.366688114,0,0.0
8395316.980902826,0.1139339923017916,4554129.046349455,0,0.0
8082965.191081958,0.1520704646538337,4459021.565255839,0,0.0
6815824.768559616,0.06437081317593095,4999778.969392769,0,0.0
6806751.40974745,0.212150360447617,3987566.3195641814,0,0.0
8199680.069041549,0.6454923258698275,2126239.711706591,0,0.0
7775332.623349157,0.15226589246200084,4533346.126517994,0,0.0
8257874.175037947,0.09802498164232683,4918227.395219552,0,0.0
8032465.503895327,0.04209135003888996,4982237.918402096,0,0.0
7152372.669743856,0.10010451226647604,4729745.328073677,0,0.0
6832014.324486626,0.2716570489926784,4897110.218963355,0,0.0
6573987.8101642765,0.08521876607765298,4845716.172396054,0,0.0
8464161.531376598,0.10411967788872584,4627982.568884008,0,0.0
8165102.351907729,0.3517513452683454,3691864.1244575046,0,0.0
8327538.153319288,0.0948399251513865,4957033.896580794,0,0.0
7542795.033789282,0.20596494270284044,4964853.662204449,0,0.0
7032173.276209148,0.11875924890964933,4896322.066958847,0,0.0
7662420.016921047,0.27898061871317326,3739816.740383071,0,0.0
6819877.942324139,0.0484461345382006,4990135.322755447,0,0.0
8249296.591225183,0.28766007065237226,3659897.1858385564,0,0.0
7881692.874416936,0.262550886567062,4922848.567475962,0,0.0
7726989.074880965,0.3351570253638371,3599586.5889149043,0,0.0
8169253.401437046,0.16984146190554314,4572108.997803453,0,0.0
8622068.241545893,0.15545830564005153,4659089.049432015,0,0.0
8250539.740863202,0.2804726740429574,4407924.382194611,0,0.0
8338529.426293572,0.20940124653208128,4197037.738265879,0,0.0
7670001.353011658,0.0904029185167961,4783206.734960081,0,0.0
6908112.080330396,0.2671911002202854,4283868.829976457,0,0.0
7653910.2182698455,0.13231731013648743,4644886.094444351,0,0.0
7868448.168103309,0.45578108612025287,2805364.0670268196,0,0.0
7665216.176226508,0.2669601417754049,4276238.0904315235,0,0.0
8030665.016865465,0.15783415757697997,4425126.670072345,0,0.0
7108216.150027789,0.07849821475735731,4971937.375956863,0,0.0
7582660.763033591,0.23917649796697582,4481163.22029726,0,0.0
5879560.78280201,0.35905308986486334,3651979.781548537,0,0.0
7828884.261843741,0.12778922141710003,4652054.8337855525,0,0.0
7698657.077744445,0.08310723266433898,4785889.33688558,0,0.0
7789131.295107296,0.5501823435431155,3103714.342078927,0,0.0
6838477.614271488,0.22233398712749355,4688662.26964538,0,0.0
8559996.544058148,0.09972148544699877,4894367.062238606,0,0.0
7993178.4866501605,0.25681804271764497,4096757.991972916,0,0.0
8681154.1956282,0.4075143513223136,3510947.732646668,0,0.0
7726305.029734588,0.10722022645715383,4893577.041039992,0,0.0
7550786.595387138,0.08953062614746063,4677067.51233385,0,0.0
8048906.610190709,0.08727963167468945,4997644.553779545,0,0.0
6675107.631143911,0.04307933140218235,4914737.830352583,0,0.0
6750252.714219978,0.08458539492208202,4787598.6592656,0,0.0
7783782.767476811,0.32599103848659255,4856311.8023145525,0,0.0
8608311.003594901,0.16786072733565408,4244201.905945022,0,0.0
8042094.347385031,0.0769193403009269,4979964.38153265,0,0.0
6929067.813287482,0.26727441566919174,4433539.642862269,0,0.0
8283462.819635129,0.28231404651955977,3716044.6396307116,0,0.0
7354801.396613988,0.2932959816967172,4209813.438242928,0,0.0
8084882.551010516,0.0801821989509895,4796016.281647306,0,0.0
8060111.222547911,0.18558040404643697,4751359.273566536,0,0.0
6547395.899063374,0.8702127868804317,679963.5165995937,0,0.0
7897782.156920579,0.14393180333089103,4333088.100462727,0,0.0
8195666.560519451,0.16201726545759512,4544621.78674719,0,0.0
7958001.55231977,0.12556978815110842,4811845.6268703835,0,0.0
7974387.570855262,0.16804872783067012,4817298.04817895,0,0.0
7849195.862074234,0.32933587139008863,4389433.148050072,0,0.0
8124326.334061094,0.13004829397469914,4921154.34803133,0,0.0
8176531.977275711,0.22883083289717948,4415757.520702926,0,0.0
7643053.675062139,0.09937686224635162,4848159.271872965,0,0.0
8385896.602743514,0.16193021047709563,4281358.717090588,0,0.0
8392651.121426716,0.09977222350796784,4950752.353462464,0,0.0
7815534.403004807,0.40594301282869083,3224421.963577233,0,0.0
6982957.978884674,0.11219291257028065,4832689.699286519,0,0.0
6344561.185187824,0.40389503426456824,3285508.8878294323,0,0.0
8023753.031766912,0.40711181468333135,3496523.144693836,0,0.0
7307861.342571061,0.31031253990865837,4658784.298390188,0,0.0
7438110.441864923,0.1822824225841942,4990481.963644835,0,0.0
7379595.638198224,0.09317412487722065,4744570.30084475,0,0.0
7743270.133635969,0.08557379862755993,4979310.942975339,0,0.0
7130239.8643468,0.6529321956334011,1999247.02523702,0,0.0
8585658.91663647,0.1991867408892163,4776961.822030592,0,0.0
8459210.444292162,0.15625905445380678,4633665.318942966,0,0.0
7369604.523217268,0.2975687062367458,3926595.4887388125,0,0.0
6873667.106660889,0.38608793640123573,4414480.058842215,0,0.0
8118742.941657749,0.16033011587049958,4734822.681925806,0,0.0
8451411.530465752,0.10961546973676321,4677147.627367496,0,0.0
7357470.414132111,0.11056099545453683,4987153.774762737,0,0.0
7806984.47330208,0.21350108347298485,4542221.632062877,0,0.0
8114002.176668697,0.1266591272963861,4921033.618158948,0,0.0
7818125.166890578,0.1629001206831603,4767875.656810564,0,0.0
8284687.168802185,0.15010312719249821,4667565.632084351,0,0.0
8152297.573042506,0.12128723869688837,4415659.4301617425,0,0.0
7922332.2163203005,0.13674235894695838,4500193.132552511,0,0.0
7422341.6453526,0.15182306540109045,4717121.745779587,0,0.0
8458892.441641064,0.18027227586108602,4723026.928916733,0,0.0
8627754.143007217,0.6458546954132991,2139210.177506395,0,0.0
-128594.38716345187,1.029445735802882,-152050.7856641328,1013,1.0
6701786.935431824,0.13324729384271558,4849016.538235839,0,0.0
7552434.182125116,0.11704589101216754,4974345.03642077,0,0.0
6732056.340808946,0.6749566342618354,1632867.4821818061,0,0.0
6286051.434653529,0.05464322283139212,4813899.9733875,0,0.0
6382757.888903026,0.2315271049998873,4641865.324035607,0,0.0
8720230.79989239,0.20362585079904946,4919281.341648638,0,0.0
7106881.655690273,0.11292293095074495,4881128.473718913,0,0.0
7682914.246265341,0.0899351794905611,5000000.0,0,0.0
8459558.38976086,0.12769547504754714,4857761.982889431,0,0.0
8622605.131492188,0.13342056639244396,4974091.548070192,0,0.0
8184240.115777188,0.501192739728257,2921017.176298684,0,0.0
8180987.919405577,0.4163893220633211,3218089.7953016306,0,0.0
7910342.331281835,0.08967249023400359,4869409.80819448,0,0.0
8358327.094799068,0.20102866991265184,4546810.801839163,0,0.0
7634553.478073693,0.35504959069416847,3542076.5690076686,0,0.0
8521452.009397628,0.13532267583646923,4821796.6036760975,0,0.0
3741134.9571384205,0.708055674630027,1775727.5742132105,0,0.0
7834771.706025925,0.3496798257176777,3755043.5411366425,0,0.0
6993255.852576523,0.07926721596955189,4715995.034834079,0,0.0
8712035.344033709,0.08557215658976955,4954023.843129558,0,0.0
7625629.96975277,0.2523149031827761,4263636.599317405,0,0.0
8304611.351652005,0.07471294138003409,4980633.94940908,0,0.0
8257307.792172046,0.2373368468976644,3819354.2564704064,0,0.0
6996036.5009137485,0.30015008621458705,4063701.4665324194,0,0.0
7033174.277131893,0.08828905509606634,4989944.953753635,0,0.0
7015076.832342387,0.3522759968627502,3343295.870653819,0,0.0
7437441.440949166,0.09100702146122505,4962224.595369076,0,0.0
7937115.183006758,0.13789548083851508,4944126.631412963,0,0.0
